DATE,CCLACBW027SBOG
2000-06-28,211.4984
2000-07-05,212.0107
2000-07-12,210.8742
2000-07-19,212.5366
2000-07-26,211.7884
2000-08-02,212.4523
2000-08-09,214.5785
2000-08-16,218.6162
2000-08-23,220.4693
2000-08-30,218.8637
2000-09-06,219.8767
2000-09-13,219.3752
2000-09-20,225.9866
2000-09-27,224.8214
2000-10-04,220.4073
2000-10-11,219.1825
2000-10-18,222.0149
2000-10-25,221.2715
2000-11-01,219.9173
2000-11-08,217.388
2000-11-15,222.5697
2000-11-22,224.2318
2000-11-29,225.726
2000-12-06,223.3563
2000-12-13,223.7738
2000-12-20,229.2851
2000-12-27,232.8402
2001-01-03,232.7279
2001-01-10,229.0415
2001-01-17,231.8594
2001-01-24,232.0405
2001-01-31,230.0938
2001-02-07,228.0436
2001-02-14,230.7374
2001-02-21,231.5985
2001-02-28,227.9793
2001-03-07,226.8917
2001-03-14,227.1311
2001-03-21,228.2505
2001-03-28,230.2001
2001-04-04,228.8215
2001-04-11,229.9473
2001-04-18,232.9625
2001-04-25,233.9619
2001-05-02,234.753
2001-05-09,232.9634
2001-05-16,236.7236
2001-05-23,237.5591
2001-05-30,235.6933
2001-06-06,234.0001
2001-06-13,232.1929
2001-06-20,233.0702
2001-06-27,234.8777
2001-07-04,230.6651
2001-07-11,230.1002
2001-07-18,232.146
2001-07-25,234.0339
2001-08-01,231.7553
2001-08-08,231.1103
2001-08-15,233.7302
2001-08-22,236.2311
2001-08-29,234.1316
2001-09-05,233.5524
2001-09-12,232.012
2001-09-19,235.8968
2001-09-26,231.6603
2001-10-03,230.2384
2001-10-10,228.5984
2001-10-17,235.2658
2001-10-24,236.0
2001-10-31,235.4887
2001-11-07,236.0918
2001-11-14,236.2624
2001-11-21,241.2928
2001-11-28,243.1109
2001-12-05,239.3529
2001-12-12,240.2921
2001-12-19,241.5495
2001-12-26,245.4281
2002-01-02,241.9495
2002-01-09,241.1722
2002-01-16,241.477
2002-01-23,241.9612
2002-01-30,240.2713
2002-02-06,243.0366
2002-02-13,237.2906
2002-02-20,241.223
2002-02-27,241.5044
2002-03-06,240.1
2002-03-13,236.7364
2002-03-20,241.6241
2002-03-27,242.9351
2002-04-03,240.768
2002-04-10,241.5227
2002-04-17,248.7871
2002-04-24,249.5741
2002-05-01,245.6769
2002-05-08,245.2482
2002-05-15,246.287
2002-05-22,243.3055
2002-05-29,246.031
2002-06-05,240.5876
2002-06-12,241.2721
2002-06-19,248.0359
2002-06-26,245.8811
2002-07-03,237.1396
2002-07-10,236.2744
2002-07-17,240.1645
2002-07-24,242.0012
2002-07-31,242.7758
2002-08-07,243.9729
2002-08-14,246.9809
2002-08-21,251.6195
2002-08-28,254.4013
2002-09-04,254.5549
2002-09-11,253.6835
2002-09-18,257.5473
2002-09-25,256.2456
2002-10-02,254.7321
2002-10-09,252.5021
2002-10-16,257.7782
2002-10-23,257.3392
2002-10-30,256.1332
2002-11-06,251.3729
2002-11-13,250.9501
2002-11-20,252.4677
2002-11-27,253.4734
2002-12-04,252.079
2002-12-11,254.0993
2002-12-18,257.0101
2002-12-25,256.166
2003-01-01,253.8986
2003-01-08,252.0711
2003-01-15,251.7124
2003-01-22,252.6169
2003-01-29,249.812
2003-02-05,244.8007
2003-02-12,244.6155
2003-02-19,249.3865
2003-02-26,249.2856
2003-03-05,246.0273
2003-03-12,241.5862
2003-03-19,246.4663
2003-03-26,243.6805
2003-04-02,240.8485
2003-04-09,239.3722
2003-04-16,239.4764
2003-04-23,240.179
2003-04-30,240.3492
2003-05-07,245.6497
2003-05-14,247.8201
2003-05-21,248.8831
2003-05-28,252.5346
2003-06-04,244.5146
2003-06-11,244.4164
2003-06-18,247.8045
2003-06-25,244.228
2003-07-02,244.6136
2003-07-09,243.1955
2003-07-16,245.7002
2003-07-23,246.774
2003-07-30,248.7566
2003-08-06,243.7636
2003-08-13,244.3928
2003-08-20,247.4755
2003-08-27,246.6943
2003-09-03,244.7361
2003-09-10,243.7471
2003-09-17,246.1977
2003-09-24,244.4993
2003-10-01,240.659
2003-10-08,238.6415
2003-10-15,240.8865
2003-10-22,239.627
2003-10-29,240.0892
2003-11-05,267.2622
2003-11-12,269.6984
2003-11-19,274.6505
2003-11-26,272.6118
2003-12-03,270.5216
2003-12-10,271.4766
2003-12-17,283.8196
2003-12-24,287.1417
2003-12-31,285.3983
2004-01-07,283.8708
2004-01-14,282.6576
2004-01-21,284.9248
2004-01-28,283.5418
2004-02-04,279.6957
2004-02-11,278.6002
2004-02-18,285.6053
2004-02-25,283.8476
2004-03-03,278.0823
2004-03-10,277.3235
2004-03-17,279.6129
2004-03-24,282.6957
2004-03-31,278.983
2004-04-07,279.6248
2004-04-14,281.1217
2004-04-21,281.0938
2004-04-28,282.7442
2004-05-05,281.1908
2004-05-12,280.7192
2004-05-19,287.8009
2004-05-26,287.8785
2004-06-02,287.0796
2004-06-09,287.0727
2004-06-16,287.8864
2004-06-23,289.7774
2004-06-30,285.4087
2004-07-07,286.3784
2004-07-14,286.9834
2004-07-21,289.6085
2004-07-28,289.3174
2004-08-04,287.4849
2004-08-11,286.6229
2004-08-18,291.5604
2004-08-25,294.0922
2004-09-01,292.3796
2004-09-08,291.857
2004-09-15,295.7072
2004-09-22,296.6903
2004-09-29,293.2562
2004-10-06,291.5724
2004-10-13,288.5794
2004-10-20,292.7875
2004-10-27,291.8876
2004-11-03,290.9649
2004-11-10,286.7417
2004-11-17,287.4048
2004-11-24,287.4167
2004-12-01,286.7666
2004-12-08,287.4926
2004-12-15,291.0106
2004-12-22,296.97
2004-12-29,308.8843
2005-01-05,308.9762
2005-01-12,305.458
2005-01-19,304.116
2005-01-26,302.7755
2005-02-02,298.0889
2005-02-09,294.2789
2005-02-16,301.2353
2005-02-23,301.2163
2005-03-02,300.9581
2005-03-09,298.2558
2005-03-16,300.1122
2005-03-23,299.8566
2005-03-30,300.375
2005-04-06,299.7678
2005-04-13,298.4392
2005-04-20,303.2903
2005-04-27,304.1784
2005-05-04,299.6039
2005-05-11,297.2704
2005-05-18,300.8959
2005-05-25,299.8188
2005-06-01,298.4263
2005-06-08,298.982
2005-06-15,302.1467
2005-06-22,304.4726
2005-06-29,301.8943
2005-07-06,300.7455
2005-07-13,300.5968
2005-07-20,304.3996
2005-07-27,304.8062
2005-08-03,301.8801
2005-08-10,301.368
2005-08-17,302.8262
2005-08-24,303.0865
2005-08-31,300.9205
2005-09-07,300.9719
2005-09-14,305.4862
2005-09-21,306.3253
2005-09-28,306.0158
2005-10-05,294.8802
2005-10-12,293.3954
2005-10-19,295.5172
2005-10-26,298.0247
2005-11-02,299.553
2005-11-09,297.6058
2005-11-16,301.8276
2005-11-23,301.8316
2005-11-30,299.1933
2005-12-07,298.0087
2005-12-14,304.3726
2005-12-21,303.8028
2005-12-28,305.6571
2006-01-04,303.3853
2006-01-11,300.7263
2006-01-18,304.8459
2006-01-25,304.0763
2006-02-01,297.8442
2006-02-08,296.4913
2006-02-15,298.0097
2006-02-22,296.6491
2006-03-01,293.1205
2006-03-08,291.1758
2006-03-15,290.8951
2006-03-22,293.6612
2006-03-29,293.0953
2006-04-05,289.9346
2006-04-12,293.4749
2006-04-19,295.8963
2006-04-26,298.3836
2006-05-03,297.0146
2006-05-10,298.0522
2006-05-17,303.7919
2006-05-24,304.6193
2006-05-31,301.9632
2006-06-07,298.5835
2006-06-14,301.852
2006-06-21,296.5293
2006-06-28,296.7725
2006-07-05,297.7787
2006-07-12,296.0613
2006-07-19,303.0579
2006-07-26,302.4431
2006-08-02,299.9575
2006-08-09,300.6598
2006-08-16,304.1283
2006-08-23,306.6316
2006-08-30,304.4203
2006-09-06,304.634
2006-09-13,303.5127
2006-09-20,304.7668
2006-09-27,303.5486
2006-10-04,301.0006
2006-10-11,300.773
2006-10-18,300.6396
2006-10-25,300.1127
2006-11-01,300.4143
2006-11-08,300.7007
2006-11-15,302.7944
2006-11-22,304.3014
2006-11-29,305.6106
2006-12-06,307.8704
2006-12-13,311.6722
2006-12-20,312.9721
2006-12-27,315.7695
2007-01-03,315.1205
2007-01-10,314.6002
2007-01-17,316.9077
2007-01-24,317.8572
2007-01-31,312.0677
2007-02-07,311.4122
2007-02-14,315.0605
2007-02-21,311.8296
2007-02-28,302.8163
2007-03-07,303.0381
2007-03-14,301.9119
2007-03-21,303.8718
2007-03-28,302.4471
2007-04-04,304.529
2007-04-11,305.8712
2007-04-18,308.9575
2007-04-25,310.2466
2007-05-02,308.9453
2007-05-09,308.6053
2007-05-16,310.8044
2007-05-23,310.8277
2007-05-30,313.3426
2007-06-06,312.3337
2007-06-13,314.2919
2007-06-20,317.9688
2007-06-27,316.4698
2007-07-04,316.377
2007-07-11,316.762
2007-07-18,318.1707
2007-07-25,317.5099
2007-08-01,313.3542
2007-08-08,314.776
2007-08-15,317.2175
2007-08-22,317.785
2007-08-29,320.2178
2007-09-05,320.1683
2007-09-12,318.473
2007-09-19,325.4988
2007-09-26,324.4568
2007-10-03,319.8919
2007-10-10,321.1694
2007-10-17,320.7897
2007-10-24,322.2693
2007-10-31,320.0525
2007-11-07,323.578
2007-11-14,328.9058
2007-11-21,331.7736
2007-11-28,334.1393
2007-12-05,333.3751
2007-12-12,337.482
2007-12-19,345.3663
2007-12-26,344.6512
2008-01-02,341.6662
2008-01-09,338.7968
2008-01-16,339.634
2008-01-23,340.3198
2008-01-30,334.5755
2008-02-06,332.3337
2008-02-13,330.162
2008-02-20,332.8956
2008-02-27,331.2576
2008-03-05,330.3809
2008-03-12,331.4001
2008-03-19,328.9797
2008-03-26,327.2653
2008-04-02,323.0605
2008-04-09,324.5168
2008-04-16,333.1053
2008-04-23,331.1991
2008-04-30,330.961
2008-05-07,331.2155
2008-05-14,331.4999
2008-05-21,329.5145
2008-05-28,330.5207
2008-06-04,328.3531
2008-06-11,328.1577
2008-06-18,332.9994
2008-06-25,332.4904
2008-07-02,329.3385
2008-07-09,329.806
2008-07-16,336.0762
2008-07-23,336.9384
2008-07-30,338.2538
2008-08-06,337.5803
2008-08-13,337.5609
2008-08-20,343.1905
2008-08-27,344.0425
2008-09-03,342.4996
2008-09-10,342.1038
2008-09-17,346.7727
2008-09-24,348.4944
2008-10-01,366.0406
2008-10-08,366.7086
2008-10-15,374.7594
2008-10-22,375.2647
2008-10-29,378.608
2008-11-05,378.4179
2008-11-12,380.7317
2008-11-19,385.2141
2008-11-26,382.7748
2008-12-03,382.2099
2008-12-10,381.2562
2008-12-17,385.8309
2008-12-24,385.3516
2008-12-31,383.1188
2009-01-07,385.4508
2009-01-14,395.9802
2009-01-21,399.7545
2009-01-28,393.5083
2009-02-04,393.3858
2009-02-11,392.9981
2009-02-18,398.5706
2009-02-25,397.2499
2009-03-04,391.6173
2009-03-11,393.1647
2009-03-18,385.6961
2009-03-25,376.6772
2009-04-01,370.1652
2009-04-08,371.2595
2009-04-15,375.7634
2009-04-22,372.713
2009-04-29,374.1012
2009-05-06,365.669
2009-05-13,357.8114
2009-05-20,367.111
2009-05-27,369.4784
2009-06-03,363.0648
2009-06-10,358.433
2009-06-17,357.6348
2009-06-24,357.6924
2009-07-01,356.0934
2009-07-08,355.1139
2009-07-15,356.2165
2009-07-22,359.2524
2009-07-29,357.7374
2009-08-05,352.9591
2009-08-12,354.0635
2009-08-19,357.9212
2009-08-26,357.7554
2009-09-02,350.5023
2009-09-09,354.5406
2009-09-16,355.4102
2009-09-23,351.1727
2009-09-30,343.6525
2009-10-07,344.7917
2009-10-14,344.5783
2009-10-21,348.3199
2009-10-28,347.5547
2009-11-04,343.3518
2009-11-11,342.3967
2009-11-18,346.1132
2009-11-25,345.9369
2009-12-02,340.2052
2009-12-09,338.742
2009-12-16,337.8817
2009-12-23,333.0911
2009-12-30,332.2717
2010-01-06,326.2143
2010-01-13,324.4905
2010-01-20,323.8403
2010-01-27,322.9585
2010-02-03,318.6956
2010-02-10,318.1487
2010-02-17,319.442
2010-02-24,318.0236
2010-03-03,313.1894
2010-03-10,312.1724
2010-03-17,315.3179
2010-03-24,321.1902
2010-03-31,650.7132
2010-04-07,650.6923
2010-04-14,649.4446
2010-04-21,647.7453
2010-04-28,646.7777
2010-05-05,643.9114
2010-05-12,642.5722
2010-05-19,641.841
2010-05-26,639.1958
2010-06-02,634.9566
2010-06-09,635.4524
2010-06-16,632.5781
2010-06-23,632.1338
2010-06-30,627.9375
2010-07-07,628.2241
2010-07-14,628.1325
2010-07-21,627.1767
2010-07-28,625.7433
2010-08-04,624.3316
2010-08-11,623.1738
2010-08-18,621.9341
2010-08-25,620.7885
2010-09-01,618.7009
2010-09-08,617.8281
2010-09-15,617.5223
2010-09-22,614.9859
2010-09-29,616.3694
2010-10-06,613.2223
2010-10-13,613.1983
2010-10-20,612.8445
2010-10-27,610.7304
2010-11-03,609.4688
2010-11-10,609.1746
2010-11-17,608.503
2010-11-24,607.6746
2010-12-01,606.0254
2010-12-08,607.9223
2010-12-15,607.4033
2010-12-22,606.7744
2010-12-29,606.1399
2011-01-05,605.4134
2011-01-12,603.5155
2011-01-19,604.7854
2011-01-26,603.1067
2011-02-02,602.4511
2011-02-09,601.224
2011-02-16,600.1681
2011-02-23,600.4017
2011-03-02,599.6333
2011-03-09,600.009
2011-03-16,600.6791
2011-03-23,600.63
2011-03-30,601.2766
2011-04-06,598.8081
2011-04-13,597.8082
2011-04-20,598.6592
2011-04-27,597.6638
2011-05-04,596.7255
2011-05-11,596.5054
2011-05-18,596.6103
2011-05-25,595.8812
2011-06-01,599.2682
2011-06-08,599.563
2011-06-15,599.4611
2011-06-22,600.0227
2011-06-29,601.1267
2011-07-06,601.6631
2011-07-13,600.7002
2011-07-20,600.9861
2011-07-27,600.68
2011-08-03,600.4456
2011-08-10,600.1511
2011-08-17,599.8982
2011-08-24,599.915
2011-08-31,600.0601
2011-09-07,599.6249
2011-09-14,599.9941
2011-09-21,599.6833
2011-09-28,600.6765
2011-10-05,602.562
2011-10-12,601.7981
2011-10-19,601.8499
2011-10-26,601.6035
2011-11-02,600.952
2011-11-09,601.5043
2011-11-16,601.6305
2011-11-23,601.5233
2011-11-30,602.7026
2011-12-07,601.2202
2011-12-14,601.4181
2011-12-21,600.9694
2011-12-28,602.1126
2012-01-04,603.589
2012-01-11,601.5075
2012-01-18,601.0378
2012-01-25,598.6007
2012-02-01,599.9631
2012-02-08,598.9489
2012-02-15,598.0399
2012-02-22,596.9693
2012-02-29,599.8705
2012-03-07,599.7833
2012-03-14,600.6433
2012-03-21,600.1085
2012-03-28,601.2187
2012-04-04,601.8089
2012-04-11,599.8889
2012-04-18,599.103
2012-04-25,598.1105
2012-05-02,609.6936
2012-05-09,608.4548
2012-05-16,608.0392
2012-05-23,607.519
2012-05-30,611.3156
2012-06-06,609.829
2012-06-13,609.7396
2012-06-20,608.6759
2012-06-27,607.8022
2012-07-04,608.5131
2012-07-11,607.3429
2012-07-18,606.8556
2012-07-25,605.924
2012-08-01,607.4578
2012-08-08,607.4373
2012-08-15,607.3063
2012-08-22,607.4008
2012-08-29,608.8157
2012-09-05,608.4231
2012-09-12,606.8704
2012-09-19,607.0023
2012-09-26,606.4679
2012-10-03,608.4508
2012-10-10,608.4054
2012-10-17,607.5108
2012-10-24,607.3767
2012-10-31,609.7471
2012-11-07,609.3246
2012-11-14,609.4901
2012-11-21,607.8811
2012-11-28,609.3186
2012-12-05,606.5881
2012-12-12,606.1702
2012-12-19,606.4613
2012-12-26,607.3286
2013-01-02,608.3776
2013-01-09,607.2846
2013-01-16,606.1473
2013-01-23,606.8494
2013-01-30,608.8014
2013-02-06,608.2009
2013-02-13,608.3743
2013-02-20,607.5753
2013-02-27,609.2666
2013-03-06,607.6365
2013-03-13,613.2837
2013-03-20,612.529
2013-03-27,612.4856
2013-04-03,612.4278
2013-04-10,612.08
2013-04-17,612.3639
2013-04-24,611.8818
2013-05-01,612.1143
2013-05-08,612.3978
2013-05-15,612.5754
2013-05-22,613.3628
2013-05-29,614.8816
2013-06-05,614.6913
2013-06-12,615.3308
2013-06-19,615.1871
2013-06-26,615.159
2013-07-03,613.0992
2013-07-10,613.1973
2013-07-17,612.0249
2013-07-24,610.7336
2013-07-31,610.9816
2013-08-07,611.0368
2013-08-14,611.5275
2013-08-21,611.4644
2013-08-28,611.6526
2013-09-04,612.424
2013-09-11,611.631
2013-09-18,611.6796
2013-09-25,611.3361
2013-10-02,613.045
2013-10-09,613.127
2013-10-16,613.4323
2013-10-23,613.7998
2013-10-30,615.5837
2013-11-06,615.2694
2013-11-13,615.7208
2013-11-20,599.0572
2013-11-27,597.6993
2013-12-04,599.4297
2013-12-11,599.8758
2013-12-18,599.6384
2013-12-25,601.0578
2014-01-01,600.0586
2014-01-08,600.5729
2014-01-15,599.3512
2014-01-22,600.0618
2014-01-29,601.3119
2014-02-05,601.5615
2014-02-12,601.0362
2014-02-19,602.7093
2014-02-26,603.2368
2014-03-05,602.965
2014-03-12,603.4742
2014-03-19,604.384
2014-03-26,604.177
2014-04-02,604.0045
2014-04-09,604.8925
2014-04-16,606.5768
2014-04-23,607.2582
2014-04-30,608.3983
2014-05-07,608.7876
2014-05-14,610.4683
2014-05-21,610.1638
2014-05-28,609.9949
2014-06-04,610.4745
2014-06-11,611.7182
2014-06-18,611.3847
2014-06-25,610.9158
2014-07-02,611.4588
2014-07-09,612.6079
2014-07-16,612.879
2014-07-23,613.1015
2014-07-30,614.5235
2014-08-06,613.7646
2014-08-13,614.5438
2014-08-20,615.1794
2014-08-27,615.6398
2014-09-03,617.9164
2014-09-10,616.9579
2014-09-17,617.5337
2014-09-24,617.252
2014-10-01,618.6556
2014-10-08,617.9858
2014-10-15,617.9888
2014-10-22,618.9952
2014-10-29,619.3623
2014-11-05,620.1456
2014-11-12,622.4393
2014-11-19,622.5565
2014-11-26,620.733
2014-12-03,621.0186
2014-12-10,623.0504
2014-12-17,622.3439
2014-12-24,625.1988
2014-12-31,623.4424
2015-01-07,624.6812
2015-01-14,625.8308
2015-01-21,625.644
2015-01-28,625.7017
2015-02-04,625.6524
2015-02-11,627.3723
2015-02-18,627.4168
2015-02-25,625.3791
2015-03-04,626.0404
2015-03-11,626.4527
2015-03-18,626.8255
2015-03-25,627.6793
2015-04-01,630.5657
2015-04-08,631.7422
2015-04-15,631.6598
2015-04-22,632.5195
2015-04-29,633.8343
2015-05-06,634.127
2015-05-13,634.9934
2015-05-20,634.7031
2015-05-27,635.0478
2015-06-03,634.5719
2015-06-10,636.5031
2015-06-17,636.0494
2015-06-24,638.4931
2015-07-01,639.175
2015-07-08,640.1368
2015-07-15,640.147
2015-07-22,641.5307
2015-07-29,642.7581
2015-08-05,643.9837
2015-08-12,644.8771
2015-08-19,645.7798
2015-08-26,645.5869
2015-09-02,646.7208
2015-09-09,649.2447
2015-09-16,648.8834
2015-09-23,648.9361
2015-09-30,651.0499
2015-10-07,652.1654
2015-10-14,653.5092
2015-10-21,653.7821
2015-10-28,653.2841
2015-11-04,654.5739
2015-11-11,655.1256
2015-11-18,656.1264
2015-11-25,655.8329
2015-12-02,656.4069
2015-12-09,657.7255
2015-12-16,658.3053
2015-12-23,659.1348
2015-12-30,660.2724
2016-01-06,664.0035
2016-01-13,663.806
2016-01-20,665.2596
2016-01-27,663.8792
2016-02-03,664.2518
2016-02-10,664.6502
2016-02-17,664.7769
2016-02-24,663.9548
2016-03-02,665.476
2016-03-09,669.7178
2016-03-16,670.3757
2016-03-23,672.0887
2016-03-30,674.3134
2016-04-06,674.0435
2016-04-13,673.4765
2016-04-20,675.6178
2016-04-27,676.2583
2016-05-04,677.3429
2016-05-11,677.5214
2016-05-18,678.5128
2016-05-25,677.547
2016-06-01,679.4031
2016-06-08,681.4155
2016-06-15,682.5173
2016-06-22,692.4516
2016-06-29,694.1604
2016-07-06,696.0021
2016-07-13,696.4584
2016-07-20,697.819
2016-07-27,697.6857
2016-08-03,698.6207
2016-08-10,699.6067
2016-08-17,700.2686
2016-08-24,700.8593
2016-08-31,701.0048
2016-09-07,702.1242
2016-09-14,702.62
2016-09-21,703.2751
2016-09-28,703.8567
2016-10-05,705.5954
2016-10-12,705.7414
2016-10-19,706.3189
2016-10-26,705.1442
2016-11-02,706.1096
2016-11-09,706.1979
2016-11-16,705.9654
2016-11-23,706.4113
2016-11-30,711.2353
2016-12-07,710.9252
2016-12-14,712.0842
2016-12-21,711.395
2016-12-28,712.2369
2017-01-04,714.6649
2017-01-11,713.0536
2017-01-18,714.9825
2017-01-25,713.1726
2017-02-01,714.7009
2017-02-08,715.4095
2017-02-15,714.5916
2017-02-22,716.084
2017-03-01,716.5561
2017-03-08,716.6128
2017-03-15,716.6459
2017-03-22,717.8056
2017-03-29,717.1178
2017-04-05,718.1493
2017-04-12,720.1202
2017-04-19,719.7472
2017-04-26,718.6027
2017-05-03,719.4871
2017-05-10,719.4418
2017-05-17,720.0604
2017-05-24,721.0534
2017-05-31,722.2481
2017-06-07,722.1589
2017-06-14,723.275
2017-06-21,726.0993
2017-06-28,726.2562
2017-07-05,728.3243
2017-07-12,728.7481
2017-07-19,728.9708
2017-07-26,728.4586
2017-08-02,729.0334
2017-08-09,730.2536
2017-08-16,729.5716
2017-08-23,730.9177
2017-08-30,731.8098
2017-09-06,733.065
2017-09-13,736.4292
2017-09-20,737.7714
2017-09-27,737.3293
2017-10-04,738.799
2017-10-11,738.8962
2017-10-18,753.8301
2017-10-25,753.2854
2017-11-01,755.7295
2017-11-08,758.4899
2017-11-15,758.8173
2017-11-22,759.5886
2017-11-29,763.2199
2017-12-06,762.3548
2017-12-13,762.7899
2017-12-20,763.4113
2017-12-27,764.0763
2018-01-03,767.2128
2018-01-10,767.8994
2018-01-17,769.0573
2018-01-24,766.8377
2018-01-31,768.7095
2018-02-07,768.2834
2018-02-14,768.5945
2018-02-21,768.2618
2018-02-28,768.5034
2018-03-07,770.4134
2018-03-14,769.4013
2018-03-21,770.2979
2018-03-28,770.2584
2018-04-04,786.0579
2018-04-11,785.8684
2018-04-18,786.4151
2018-04-25,786.5579
2018-05-02,786.6618
2018-05-09,787.9384
2018-05-16,788.4345
2018-05-23,788.9799
2018-05-30,792.3822
2018-06-06,792.2248
2018-06-13,793.3851
2018-06-20,792.9103
2018-06-27,793.045
2018-07-04,793.3997
2018-07-11,791.9018
2018-07-18,792.9381
2018-07-25,793.356
2018-08-01,793.0985
2018-08-08,795.4029
2018-08-15,795.1814
2018-08-22,796.5351
2018-08-29,797.4777
2018-09-05,798.8542
2018-09-12,797.9778
2018-09-19,799.1571
2018-09-26,798.599
2018-10-03,800.4052
2018-10-10,801.4888
2018-10-17,800.7164
2018-10-24,801.6859
2018-10-31,804.3534
2018-11-07,802.4284
2018-11-14,804.3571
2018-11-21,805.2115
2018-11-28,808.2392
2018-12-05,805.6993
2018-12-12,806.5457
2018-12-19,804.5785
2018-12-26,806.3575
2019-01-02,806.356
2019-01-09,808.1717
2019-01-16,806.78
2019-01-23,808.8709
2019-01-30,811.8776
2019-02-06,811.6227
2019-02-13,811.3942
2019-02-20,812.675
2019-02-27,814.5779
2019-03-06,814.4746
2019-03-13,815.33
2019-03-20,816.7012
2019-03-27,816.208
2019-04-03,816.5638
2019-04-10,817.3147
2019-04-17,819.5683
2019-04-24,819.9012
2019-05-01,820.4215
2019-05-08,821.9574
2019-05-15,820.8102
2019-05-22,821.405
2019-05-29,824.2024
2019-06-05,824.5972
2019-06-12,825.761
2019-06-19,824.454
2019-06-26,822.9727
2019-07-03,822.1399
2019-07-10,824.3601
2019-07-17,823.7841
2019-07-24,825.3096
2019-07-31,828.5194
2019-08-07,828.9622
2019-08-14,829.5449
2019-08-21,830.525
2019-08-28,829.5988
2019-09-04,832.2542
2019-09-11,830.0121
2019-09-18,831.2
2019-09-25,830.4996
2019-10-02,830.3305
2019-10-09,830.8859
2019-10-16,838.9066
2019-10-23,838.6718
2019-10-30,841.3826
2019-11-06,840.1168
2019-11-13,840.9768
2019-11-20,838.7595
2019-11-27,834.3035
2019-12-04,838.3378
2019-12-11,841.225
2019-12-18,840.4178
2019-12-25,845.0288
2020-01-01,845.7288
2020-01-08,847.3054
2020-01-15,845.7362
2020-01-22,848.3664
2020-01-29,848.9479
2020-02-05,848.7044
2020-02-12,848.7831
2020-02-19,850.6491
2020-02-26,851.7174
2020-03-04,859.3574
2020-03-11,859.4586
2020-03-18,859.0223
2020-03-25,846.1325
2020-04-01,834.7859
2020-04-08,820.6778
2020-04-15,804.5308
2020-04-22,789.4102
2020-04-29,785.0419
2020-05-06,779.1149
2020-05-13,774.9698
2020-05-20,770.8666
2020-05-27,767.2076
2020-06-03,765.2471
2020-06-10,765.5724
2020-06-17,763.0061
2020-06-24,761.7038
2020-07-01,758.4918
2020-07-08,761.0517
2020-07-15,759.7998
2020-07-22,759.0231
2020-07-29,757.2963
2020-08-05,756.5215
2020-08-12,754.2266
2020-08-19,753.8392
2020-08-26,752.0828
2020-09-02,750.7905
2020-09-09,751.9096
2020-09-16,751.4256
2020-09-23,750.6
2020-09-30,752.4891
2020-10-07,750.1537
2020-10-14,751.1125
2020-10-21,750.9759
2020-10-28,750.2103
2020-11-04,750.7499
2020-11-11,750.6262
2020-11-18,747.9912
2020-11-25,747.7961
2020-12-02,746.5099
2020-12-09,749.1631
2020-12-16,749.9604
2020-12-23,750.1913
2020-12-30,747.2199
2021-01-06,747.7301
2021-01-13,746.0822
2021-01-20,746.671
2021-01-27,744.8692
2021-02-03,743.9357
2021-02-10,745.0923
2021-02-17,746.0879
2021-02-24,745.4338
2021-03-03,746.9702
2021-03-10,746.8398
2021-03-17,745.5555
2021-03-24,743.108
2021-03-31,743.9748
2021-04-07,739.14
2021-04-14,738.759
2021-04-21,739.5669
2021-04-28,743.0689
2021-05-05,741.9513
2021-05-12,746.7423
2021-05-19,749.5002
2021-05-26,751.8724
2021-06-02,751.4013
2021-06-09,754.1471
2021-06-16,754.2481
2021-06-23,756.5988
2021-06-30,760.8903
2021-07-07,760.1709
2021-07-14,760.2935
2021-07-21,762.8653
2021-07-28,764.6122
2021-08-04,766.4165
2021-08-11,767.836
2021-08-18,770.1719
2021-08-25,769.5528
2021-09-01,770.374
2021-09-08,770.1405
2021-09-15,771.0044
2021-09-22,772.0243
2021-09-29,777.3984
2021-10-06,776.3965
2021-10-13,780.404
2021-10-20,781.1626
2021-10-27,784.4722
2021-11-03,785.0837
2021-11-10,786.9778
2021-11-17,790.5497
2021-11-24,793.5977
2021-12-01,798.2254
2021-12-08,798.8642
2021-12-15,800.2713
2021-12-22,802.5753
2021-12-29,803.1201
2022-01-05,805.0215
2022-01-12,807.9861
2022-01-19,810.4392
2022-01-26,811.9393
2022-02-02,814.4162
2022-02-09,815.8066
2022-02-16,817.9158
2022-02-23,823.3021
2022-03-02,826.694
2022-03-09,830.224
2022-03-16,833.9611
2022-03-23,840.0646
2022-03-30,847.0806
2022-04-06,846.5205
2022-04-13,852.9332
2022-04-20,856.1525
2022-04-27,859.676
2022-05-04,859.9457
2022-05-11,863.4662
2022-05-18,863.6909
2022-05-25,867.874
2022-06-01,870.0996
2022-06-08,873.5522
2022-06-15,874.5366
2022-06-22,882.6842
2022-06-29,885.7859
2022-07-06,887.4772
2022-07-13,889.3909
2022-07-20,892.781
2022-07-27,894.6623
2022-08-03,896.1665
2022-08-10,898.3689
2022-08-17,899.2663
2022-08-24,903.1777
2022-08-31,908.4063
2022-09-07,907.9737
2022-09-14,910.8101
2022-09-21,913.3137
2022-09-28,916.1853
2022-10-05,918.2024
2022-10-12,921.6694
2022-10-19,924.2039
2022-10-26,926.5824
2022-11-02,927.3596
2022-11-09,926.6977
2022-11-16,926.8783
2022-11-23,930.3408
2022-11-30,935.803
2022-12-07,934.4637
2022-12-14,938.188
2022-12-21,938.9331
2022-12-28,933.8493
2023-01-04,939.7155
2023-01-11,941.9383
2023-01-18,948.8841
