DATE,NFCILEVERAGE
1971-01-08,-1.28325
1971-01-15,-1.30213
1971-01-22,-1.32223
1971-01-29,-1.34342
1971-02-05,-1.36551
1971-02-12,-1.38823
1971-02-19,-1.41126
1971-02-26,-1.43422
1971-03-05,-1.45666
1971-03-12,-1.47809
1971-03-19,-1.49805
1971-03-26,-1.51605
1971-04-02,-1.53167
1971-04-09,-1.54451
1971-04-16,-1.55428
1971-04-23,-1.56082
1971-04-30,-1.56405
1971-05-07,-1.56402
1971-05-14,-1.56091
1971-05-21,-1.55490
1971-05-28,-1.54626
1971-06-04,-1.53528
1971-06-11,-1.52229
1971-06-18,-1.50759
1971-06-25,-1.49159
1971-07-02,-1.47471
1971-07-09,-1.45737
1971-07-16,-1.44006
1971-07-23,-1.42320
1971-07-30,-1.40720
1971-08-06,-1.39240
1971-08-13,-1.37911
1971-08-20,-1.36756
1971-08-27,-1.35797
1971-09-03,-1.35047
1971-09-10,-1.34523
1971-09-17,-1.34236
1971-09-24,-1.34197
1971-10-01,-1.34422
1971-10-08,-1.34917
1971-10-15,-1.35687
1971-10-22,-1.36724
1971-10-29,-1.38003
1971-11-05,-1.39487
1971-11-12,-1.41118
1971-11-19,-1.42821
1971-11-26,-1.44513
1971-12-03,-1.46106
1971-12-10,-1.47500
1971-12-17,-1.48621
1971-12-24,-1.49405
1971-12-31,-1.49807
1972-01-07,-1.49802
1972-01-14,-1.49386
1972-01-21,-1.48557
1972-01-28,-1.47326
1972-02-04,-1.45704
1972-02-11,-1.43703
1972-02-18,-1.41334
1972-02-25,-1.38609
1972-03-03,-1.35537
1972-03-10,-1.32132
1972-03-17,-1.28410
1972-03-24,-1.24389
1972-03-31,-1.20094
1972-04-07,-1.15555
1972-04-14,-1.10804
1972-04-21,-1.05877
1972-04-28,-1.00810
1972-05-05,-0.95637
1972-05-12,-0.90392
1972-05-19,-0.85100
1972-05-26,-0.79782
1972-06-02,-0.74455
1972-06-09,-0.69130
1972-06-16,-0.63814
1972-06-23,-0.58513
1972-06-30,-0.53231
1972-07-07,-0.47967
1972-07-14,-0.42724
1972-07-21,-0.37497
1972-07-28,-0.32282
1972-08-04,-0.27068
1972-08-11,-0.21844
1972-08-18,-0.16595
1972-08-25,-0.11306
1972-09-01,-0.05963
1972-09-08,-0.00548
1972-09-15,0.04948
1972-09-22,0.10539
1972-09-29,0.16239
1972-10-06,0.22060
1972-10-13,0.28017
1972-10-20,0.34123
1972-10-27,0.40398
1972-11-03,0.46855
1972-11-10,0.53517
1972-11-17,0.60396
1972-11-24,0.67506
1972-12-01,0.74854
1972-12-08,0.82441
1972-12-15,0.90253
1972-12-22,0.98272
1972-12-29,1.06463
1973-01-05,1.14777
1973-01-12,1.23152
1973-01-19,1.31517
1973-01-26,1.39793
1973-02-02,1.47899
1973-02-09,1.55761
1973-02-16,1.63300
1973-02-23,1.70466
1973-03-02,1.77227
1973-03-09,1.83564
1973-03-16,1.89483
1973-03-23,1.94996
1973-03-30,2.00121
1973-04-06,2.04872
1973-04-13,2.09265
1973-04-20,2.13299
1973-04-27,2.16969
1973-05-04,2.20265
1973-05-11,2.23170
1973-05-18,2.25674
1973-05-25,2.27779
1973-06-01,2.29500
1973-06-08,2.30862
1973-06-15,2.31913
1973-06-22,2.32698
1973-06-29,2.33270
1973-07-06,2.33676
1973-07-13,2.33960
1973-07-20,2.34151
1973-07-27,2.34271
1973-08-03,2.34333
1973-08-10,2.34342
1973-08-17,2.34305
1973-08-24,2.34234
1973-08-31,2.34150
1973-09-07,2.34078
1973-09-14,2.34062
1973-09-21,2.34135
1973-09-28,2.34331
1973-10-05,2.34671
1973-10-12,2.35166
1973-10-19,2.35810
1973-10-26,2.36583
1973-11-02,2.37450
1973-11-09,2.38370
1973-11-16,2.39295
1973-11-23,2.40187
1973-11-30,2.41020
1973-12-07,2.41784
1973-12-14,2.42489
1973-12-21,2.43162
1973-12-28,2.43849
1974-01-04,2.44601
1974-01-11,2.45486
1974-01-18,2.46552
1974-01-25,2.47840
1974-02-01,2.49377
1974-02-08,2.51175
1974-02-15,2.53218
1974-02-22,2.55485
1974-03-01,2.57939
1974-03-08,2.60534
1974-03-15,2.63211
1974-03-22,2.65910
1974-03-29,2.68567
1974-04-05,2.71122
1974-04-12,2.73503
1974-04-19,2.75651
1974-04-26,2.77514
1974-05-03,2.79043
1974-05-10,2.80199
1974-05-17,2.80946
1974-05-24,2.81254
1974-05-31,2.81097
1974-06-07,2.80452
1974-06-14,2.79300
1974-06-21,2.77617
1974-06-28,2.75383
1974-07-05,2.72574
1974-07-12,2.69159
1974-07-19,2.65121
1974-07-26,2.60437
1974-08-02,2.55087
1974-08-09,2.49064
1974-08-16,2.42364
1974-08-23,2.34993
1974-08-30,2.26970
1974-09-06,2.18332
1974-09-13,2.09128
1974-09-20,1.99438
1974-09-27,1.89357
1974-10-04,1.78985
1974-10-11,1.68457
1974-10-18,1.57869
1974-10-25,1.47310
1974-11-01,1.36843
1974-11-08,1.26507
1974-11-15,1.16312
1974-11-22,1.06254
1974-11-29,0.96314
1974-12-06,0.86472
1974-12-13,0.76708
1974-12-20,0.67010
1974-12-27,0.57379
1975-01-03,0.47824
1975-01-10,0.38367
1975-01-17,0.29020
1975-01-24,0.19801
1975-01-31,0.10716
1975-02-07,0.01767
1975-02-14,-0.07051
1975-02-21,-0.15742
1975-02-28,-0.24313
1975-03-07,-0.32757
1975-03-14,-0.41067
1975-03-21,-0.49223
1975-03-28,-0.57190
1975-04-04,-0.64932
1975-04-11,-0.72399
1975-04-18,-0.79549
1975-04-25,-0.86338
1975-05-02,-0.92730
1975-05-09,-0.98697
1975-05-16,-1.04219
1975-05-23,-1.09286
1975-05-30,-1.13900
1975-06-06,-1.18067
1975-06-13,-1.21807
1975-06-20,-1.25146
1975-06-27,-1.28111
1975-07-04,-1.30741
1975-07-11,-1.33086
1975-07-18,-1.35198
1975-07-25,-1.37135
1975-08-01,-1.38961
1975-08-08,-1.40740
1975-08-15,-1.42540
1975-08-22,-1.44417
1975-08-29,-1.46418
1975-09-05,-1.48578
1975-09-12,-1.50917
1975-09-19,-1.53438
1975-09-26,-1.56138
1975-10-03,-1.59002
1975-10-10,-1.62004
1975-10-17,-1.65120
1975-10-24,-1.68324
1975-10-31,-1.71592
1975-11-07,-1.74904
1975-11-14,-1.78246
1975-11-21,-1.81606
1975-11-28,-1.84976
1975-12-05,-1.88349
1975-12-12,-1.91718
1975-12-19,-1.95065
1975-12-26,-1.98368
1976-01-02,-2.01597
1976-01-09,-2.04714
1976-01-16,-2.07676
1976-01-23,-2.10444
1976-01-30,-2.12983
1976-02-06,-2.15265
1976-02-13,-2.17275
1976-02-20,-2.19003
1976-02-27,-2.20452
1976-03-05,-2.21629
1976-03-12,-2.22549
1976-03-19,-2.23224
1976-03-26,-2.23668
1976-04-02,-2.23894
1976-04-09,-2.23909
1976-04-16,-2.23719
1976-04-23,-2.23331
1976-04-30,-2.22748
1976-05-07,-2.21972
1976-05-14,-2.21010
1976-05-21,-2.19858
1976-05-28,-2.18517
1976-06-04,-2.16988
1976-06-11,-2.15263
1976-06-18,-2.13351
1976-06-25,-2.11267
1976-07-02,-2.09033
1976-07-09,-2.06679
1976-07-16,-2.04252
1976-07-23,-2.01790
1976-07-30,-1.99336
1976-08-06,-1.96930
1976-08-13,-1.94608
1976-08-20,-1.92404
1976-08-27,-1.90348
1976-09-03,-1.88463
1976-09-10,-1.86774
1976-09-17,-1.85298
1976-09-24,-1.84046
1976-10-01,-1.83025
1976-10-08,-1.82234
1976-10-15,-1.81668
1976-10-22,-1.81308
1976-10-29,-1.81133
1976-11-05,-1.81113
1976-11-12,-1.81211
1976-11-19,-1.81384
1976-11-26,-1.81593
1976-12-03,-1.81794
1976-12-10,-1.81946
1976-12-17,-1.82015
1976-12-24,-1.81977
1976-12-31,-1.81816
1977-01-07,-1.81523
1977-01-14,-1.81104
1977-01-21,-1.80560
1977-01-28,-1.79905
1977-02-04,-1.79148
1977-02-11,-1.78296
1977-02-18,-1.77358
1977-02-25,-1.76339
1977-03-04,-1.75238
1977-03-11,-1.74057
1977-03-18,-1.72793
1977-03-25,-1.71442
1977-04-01,-1.70001
1977-04-08,-1.68466
1977-04-15,-1.66828
1977-04-22,-1.65086
1977-04-29,-1.63234
1977-05-06,-1.61263
1977-05-13,-1.59168
1977-05-20,-1.56941
1977-05-27,-1.54571
1977-06-03,-1.52053
1977-06-10,-1.49376
1977-06-17,-1.46542
1977-06-24,-1.43561
1977-07-01,-1.40449
1977-07-08,-1.37228
1977-07-15,-1.33933
1977-07-22,-1.30595
1977-07-29,-1.27244
1977-08-05,-1.23912
1977-08-12,-1.20622
1977-08-19,-1.17400
1977-08-26,-1.14267
1977-09-02,-1.11245
1977-09-09,-1.08353
1977-09-16,-1.05614
1977-09-23,-1.03049
1977-09-30,-1.00676
1977-10-07,-0.98509
1977-10-14,-0.96560
1977-10-21,-0.94824
1977-10-28,-0.93289
1977-11-04,-0.91934
1977-11-11,-0.90722
1977-11-18,-0.89622
1977-11-25,-0.88601
1977-12-02,-0.87631
1977-12-09,-0.86691
1977-12-16,-0.85772
1977-12-23,-0.84871
1977-12-30,-0.83997
1978-01-06,-0.83158
1978-01-13,-0.82375
1978-01-20,-0.81653
1978-01-27,-0.81004
1978-02-03,-0.80427
1978-02-10,-0.79912
1978-02-17,-0.79455
1978-02-24,-0.79045
1978-03-03,-0.78674
1978-03-10,-0.78338
1978-03-17,-0.78033
1978-03-24,-0.77760
1978-03-31,-0.77522
1978-04-07,-0.77321
1978-04-14,-0.77162
1978-04-21,-0.77049
1978-04-28,-0.76984
1978-05-05,-0.76958
1978-05-12,-0.76967
1978-05-19,-0.76988
1978-05-26,-0.76992
1978-06-02,-0.76940
1978-06-09,-0.76783
1978-06-16,-0.76462
1978-06-23,-0.75918
1978-06-30,-0.75087
1978-07-07,-0.73905
1978-07-14,-0.72310
1978-07-21,-0.70246
1978-07-28,-0.67666
1978-08-04,-0.64530
1978-08-11,-0.60812
1978-08-18,-0.56503
1978-08-25,-0.51619
1978-09-01,-0.46198
1978-09-08,-0.40304
1978-09-15,-0.34036
1978-09-22,-0.27510
1978-09-29,-0.20865
1978-10-06,-0.14251
1978-10-13,-0.07839
1978-10-20,-0.01777
1978-10-27,0.03798
1978-11-03,0.08776
1978-11-10,0.13070
1978-11-17,0.16634
1978-11-24,0.19450
1978-12-01,0.21533
1978-12-08,0.22918
1978-12-15,0.23670
1978-12-22,0.23854
1978-12-29,0.23543
1979-01-05,0.22806
1979-01-12,0.21715
1979-01-19,0.20342
1979-01-26,0.18755
1979-02-02,0.17025
1979-02-09,0.15225
1979-02-16,0.13435
1979-02-23,0.11728
1979-03-02,0.10180
1979-03-09,0.08854
1979-03-16,0.07814
1979-03-23,0.07095
1979-03-30,0.06719
1979-04-06,0.06693
1979-04-13,0.06997
1979-04-20,0.07611
1979-04-27,0.08504
1979-05-04,0.09642
1979-05-11,0.10995
1979-05-18,0.12536
1979-05-25,0.14240
1979-06-01,0.16090
1979-06-08,0.18070
1979-06-15,0.20168
1979-06-22,0.22365
1979-06-29,0.24642
1979-07-06,0.26978
1979-07-13,0.29340
1979-07-20,0.31709
1979-07-27,0.34060
1979-08-03,0.36372
1979-08-10,0.38624
1979-08-17,0.40796
1979-08-24,0.42860
1979-08-31,0.44790
1979-09-07,0.46556
1979-09-14,0.48118
1979-09-21,0.49452
1979-09-28,0.50539
1979-10-05,0.51374
1979-10-12,0.51965
1979-10-19,0.52346
1979-10-26,0.52560
1979-11-02,0.52672
1979-11-09,0.52742
1979-11-16,0.52860
1979-11-23,0.53088
1979-11-30,0.53494
1979-12-07,0.54126
1979-12-14,0.55026
1979-12-21,0.56224
1979-12-28,0.57734
1980-01-04,0.59568
1980-01-11,0.61724
1980-01-18,0.64195
1980-01-25,0.66959
1980-02-01,0.69984
1980-02-08,0.73216
1980-02-15,0.76587
1980-02-22,0.79994
1980-02-29,0.83330
1980-03-07,0.86467
1980-03-14,0.89265
1980-03-21,0.91618
1980-03-28,0.93443
1980-04-04,0.94692
1980-04-11,0.95354
1980-04-18,0.95449
1980-04-25,0.95027
1980-05-02,0.94164
1980-05-09,0.92945
1980-05-16,0.91461
1980-05-23,0.89801
1980-05-30,0.88029
1980-06-06,0.86205
1980-06-13,0.84370
1980-06-20,0.82556
1980-06-27,0.80795
1980-07-04,0.79115
1980-07-11,0.77542
1980-07-18,0.76100
1980-07-25,0.74811
1980-08-01,0.73694
1980-08-08,0.72766
1980-08-15,0.72027
1980-08-22,0.71472
1980-08-29,0.71084
1980-09-05,0.70847
1980-09-12,0.70727
1980-09-19,0.70710
1980-09-26,0.70784
1980-10-03,0.70944
1980-10-10,0.71200
1980-10-17,0.71565
1980-10-24,0.72067
1980-10-31,0.72730
1980-11-07,0.73574
1980-11-14,0.74608
1980-11-21,0.75824
1980-11-28,0.77199
1980-12-05,0.78698
1980-12-12,0.80266
1980-12-19,0.81862
1980-12-26,0.83442
1981-01-02,0.84970
1981-01-09,0.86440
1981-01-16,0.87851
1981-01-23,0.89229
1981-01-30,0.90607
1981-02-06,0.92031
1981-02-13,0.93556
1981-02-20,0.95236
1981-02-27,0.97111
1981-03-06,0.99228
1981-03-13,1.01620
1981-03-20,1.04306
1981-03-27,1.07293
1981-04-03,1.10591
1981-04-10,1.14175
1981-04-17,1.18022
1981-04-24,1.22095
1981-05-01,1.26346
1981-05-08,1.30722
1981-05-15,1.35171
1981-05-22,1.39631
1981-05-29,1.44052
1981-06-05,1.48394
1981-06-12,1.52622
1981-06-19,1.56704
1981-06-26,1.60613
1981-07-03,1.64326
1981-07-10,1.67806
1981-07-17,1.71018
1981-07-24,1.73913
1981-07-31,1.76448
1981-08-07,1.78577
1981-08-14,1.80256
1981-08-21,1.81463
1981-08-28,1.82206
1981-09-04,1.82516
1981-09-11,1.82447
1981-09-18,1.82079
1981-09-25,1.81501
1981-10-02,1.80819
1981-10-09,1.80133
1981-10-16,1.79537
1981-10-23,1.79102
1981-10-30,1.78886
1981-11-06,1.78921
1981-11-13,1.79210
1981-11-20,1.79766
1981-11-27,1.80595
1981-12-04,1.81684
1981-12-11,1.83026
1981-12-18,1.84588
1981-12-25,1.86310
1982-01-01,1.88122
1982-01-08,1.89926
1982-01-15,1.91594
1982-01-22,1.93012
1982-01-29,1.94057
1982-02-05,1.94620
1982-02-12,1.94619
1982-02-19,1.93997
1982-02-26,1.92719
1982-03-05,1.90786
1982-03-12,1.88231
1982-03-19,1.85104
1982-03-26,1.81477
1982-04-02,1.77429
1982-04-09,1.73036
1982-04-16,1.68382
1982-04-23,1.63525
1982-04-30,1.58511
1982-05-07,1.53375
1982-05-14,1.48125
1982-05-21,1.42762
1982-05-28,1.37278
1982-06-04,1.31663
1982-06-11,1.25901
1982-06-18,1.19975
1982-06-25,1.13876
1982-07-02,1.07594
1982-07-09,1.01117
1982-07-16,0.94448
1982-07-23,0.87582
1982-07-30,0.80518
1982-08-06,0.73263
1982-08-13,0.65810
1982-08-20,0.58162
1982-08-27,0.50310
1982-09-03,0.42263
1982-09-10,0.34026
1982-09-17,0.25613
1982-09-24,0.17054
1982-10-01,0.08381
1982-10-08,-0.00354
1982-10-15,-0.09081
1982-10-22,-0.17742
1982-10-29,-0.26260
1982-11-05,-0.34573
1982-11-12,-0.42632
1982-11-19,-0.50396
1982-11-26,-0.57843
1982-12-03,-0.64971
1982-12-10,-0.71791
1982-12-17,-0.78335
1982-12-24,-0.84644
1982-12-31,-0.90766
1983-01-07,-0.96750
1983-01-14,-1.02646
1983-01-21,-1.08486
1983-01-28,-1.14289
1983-02-04,-1.20059
1983-02-11,-1.25783
1983-02-18,-1.31439
1983-02-25,-1.36996
1983-03-04,-1.42417
1983-03-11,-1.47657
1983-03-18,-1.52668
1983-03-25,-1.57406
1983-04-01,-1.61826
1983-04-08,-1.65884
1983-04-15,-1.69537
1983-04-22,-1.72747
1983-04-29,-1.75482
1983-05-06,-1.77711
1983-05-13,-1.79415
1983-05-20,-1.80581
1983-05-27,-1.81204
1983-06-03,-1.81297
1983-06-10,-1.80881
1983-06-17,-1.79999
1983-06-24,-1.78710
1983-07-01,-1.77085
1983-07-08,-1.75201
1983-07-15,-1.73149
1983-07-22,-1.71003
1983-07-29,-1.68828
1983-08-05,-1.66670
1983-08-12,-1.64551
1983-08-19,-1.62475
1983-08-26,-1.60430
1983-09-02,-1.58385
1983-09-09,-1.56298
1983-09-16,-1.54126
1983-09-23,-1.51830
1983-09-30,-1.49379
1983-10-07,-1.46746
1983-10-14,-1.43922
1983-10-21,-1.40885
1983-10-28,-1.37630
1983-11-04,-1.34140
1983-11-11,-1.30404
1983-11-18,-1.26411
1983-11-25,-1.22158
1983-12-02,-1.17647
1983-12-09,-1.12896
1983-12-16,-1.07940
1983-12-23,-1.02833
1983-12-30,-0.97651
1984-01-06,-0.92479
1984-01-13,-0.87424
1984-01-20,-0.82582
1984-01-27,-0.78048
1984-02-03,-0.73894
1984-02-10,-0.70187
1984-02-17,-0.66959
1984-02-24,-0.64221
1984-03-02,-0.61964
1984-03-09,-0.60164
1984-03-16,-0.58779
1984-03-23,-0.57767
1984-03-30,-0.57086
1984-04-06,-0.56700
1984-04-13,-0.56570
1984-04-20,-0.56668
1984-04-27,-0.56961
1984-05-04,-0.57416
1984-05-11,-0.58002
1984-05-18,-0.58673
1984-05-25,-0.59383
1984-06-01,-0.60084
1984-06-08,-0.60728
1984-06-15,-0.61267
1984-06-22,-0.61673
1984-06-29,-0.61927
1984-07-06,-0.62022
1984-07-13,-0.61971
1984-07-20,-0.61784
1984-07-27,-0.61464
1984-08-03,-0.61020
1984-08-10,-0.60444
1984-08-17,-0.59735
1984-08-24,-0.58895
1984-08-31,-0.57937
1984-09-07,-0.56881
1984-09-14,-0.55766
1984-09-21,-0.54640
1984-09-28,-0.53557
1984-10-05,-0.52572
1984-10-12,-0.51746
1984-10-19,-0.51122
1984-10-26,-0.50727
1984-11-02,-0.50575
1984-11-09,-0.50654
1984-11-16,-0.50941
1984-11-23,-0.51400
1984-11-30,-0.51995
1984-12-07,-0.52685
1984-12-14,-0.53434
1984-12-21,-0.54215
1984-12-28,-0.55013
1985-01-04,-0.55812
1985-01-11,-0.56605
1985-01-18,-0.57385
1985-01-25,-0.58136
1985-02-01,-0.58844
1985-02-08,-0.59486
1985-02-15,-0.60033
1985-02-22,-0.60470
1985-03-01,-0.60780
1985-03-08,-0.60952
1985-03-15,-0.60994
1985-03-22,-0.60911
1985-03-29,-0.60714
1985-04-05,-0.60411
1985-04-12,-0.60009
1985-04-19,-0.59504
1985-04-26,-0.58885
1985-05-03,-0.58128
1985-05-10,-0.57199
1985-05-17,-0.56074
1985-05-24,-0.54731
1985-05-31,-0.53154
1985-06-07,-0.51345
1985-06-14,-0.49323
1985-06-21,-0.47122
1985-06-28,-0.44802
1985-07-05,-0.42423
1985-07-12,-0.40084
1985-07-19,-0.37858
1985-07-26,-0.35826
1985-08-02,-0.34057
1985-08-09,-0.32611
1985-08-16,-0.31531
1985-08-23,-0.30847
1985-08-30,-0.30571
1985-09-06,-0.30696
1985-09-13,-0.31203
1985-09-20,-0.32050
1985-09-27,-0.33186
1985-10-04,-0.34556
1985-10-11,-0.36081
1985-10-18,-0.37702
1985-10-25,-0.39366
1985-11-01,-0.41027
1985-11-08,-0.42655
1985-11-15,-0.44232
1985-11-22,-0.45742
1985-11-29,-0.47175
1985-12-06,-0.48523
1985-12-13,-0.49773
1985-12-20,-0.50922
1985-12-27,-0.51959
1986-01-03,-0.52875
1986-01-10,-0.53667
1986-01-17,-0.54331
1986-01-24,-0.54866
1986-01-31,-0.55279
1986-02-07,-0.55582
1986-02-14,-0.55786
1986-02-21,-0.55913
1986-02-28,-0.55986
1986-03-07,-0.56023
1986-03-14,-0.56042
1986-03-21,-0.56048
1986-03-28,-0.56024
1986-04-04,-0.55946
1986-04-11,-0.55769
1986-04-18,-0.55436
1986-04-25,-0.54889
1986-05-02,-0.54060
1986-05-09,-0.52897
1986-05-16,-0.51351
1986-05-23,-0.49396
1986-05-30,-0.47028
1986-06-06,-0.44255
1986-06-13,-0.41103
1986-06-20,-0.37604
1986-06-27,-0.33790
1986-07-04,-0.29684
1986-07-11,-0.25310
1986-07-18,-0.20675
1986-07-25,-0.15790
1986-08-01,-0.10658
1986-08-08,-0.05293
1986-08-15,0.00286
1986-08-22,0.06042
1986-08-29,0.11923
1986-09-05,0.17874
1986-09-12,0.23816
1986-09-19,0.29682
1986-09-26,0.35403
1986-10-03,0.40916
1986-10-10,0.46163
1986-10-17,0.51092
1986-10-24,0.55647
1986-10-31,0.59768
1986-11-07,0.63386
1986-11-14,0.66421
1986-11-21,0.68796
1986-11-28,0.70435
1986-12-05,0.71275
1986-12-12,0.71259
1986-12-19,0.70377
1986-12-26,0.68645
1987-01-02,0.66118
1987-01-09,0.62883
1987-01-16,0.59067
1987-01-23,0.54803
1987-01-30,0.50229
1987-02-06,0.45481
1987-02-13,0.40686
1987-02-20,0.35943
1987-02-27,0.31326
1987-03-06,0.26886
1987-03-13,0.22654
1987-03-20,0.18643
1987-03-27,0.14855
1987-04-03,0.11285
1987-04-10,0.07929
1987-04-17,0.04778
1987-04-24,0.01832
1987-05-01,-0.00908
1987-05-08,-0.03434
1987-05-15,-0.05726
1987-05-22,-0.07756
1987-05-29,-0.09479
1987-06-05,-0.10846
1987-06-12,-0.11782
1987-06-19,-0.12209
1987-06-26,-0.12035
1987-07-03,-0.11177
1987-07-10,-0.09519
1987-07-17,-0.06994
1987-07-24,-0.03531
1987-07-31,0.00916
1987-08-07,0.06367
1987-08-14,0.12810
1987-08-21,0.20199
1987-08-28,0.28452
1987-09-04,0.37435
1987-09-11,0.46974
1987-09-18,0.56845
1987-09-25,0.66787
1987-10-02,0.76511
1987-10-09,0.85739
1987-10-16,0.94144
1987-10-23,1.01509
1987-10-30,1.07643
1987-11-06,1.12431
1987-11-13,1.15855
1987-11-20,1.17941
1987-11-27,1.18775
1987-12-04,1.18477
1987-12-11,1.17200
1987-12-18,1.15090
1987-12-25,1.12294
1988-01-01,1.08945
1988-01-08,1.05160
1988-01-15,1.01042
1988-01-22,0.96686
1988-01-29,0.92166
1988-02-05,0.87561
1988-02-12,0.82937
1988-02-19,0.78357
1988-02-26,0.73882
1988-03-04,0.69563
1988-03-11,0.65440
1988-03-18,0.61547
1988-03-25,0.57907
1988-04-01,0.54530
1988-04-08,0.51419
1988-04-15,0.48572
1988-04-22,0.45975
1988-04-29,0.43615
1988-05-06,0.41476
1988-05-13,0.39540
1988-05-20,0.37796
1988-05-27,0.36232
1988-06-03,0.34836
1988-06-10,0.33600
1988-06-17,0.32508
1988-06-24,0.31541
1988-07-01,0.30681
1988-07-08,0.29905
1988-07-15,0.29184
1988-07-22,0.28505
1988-07-29,0.27859
1988-08-05,0.27249
1988-08-12,0.26689
1988-08-19,0.26204
1988-08-26,0.25818
1988-09-02,0.25558
1988-09-09,0.25446
1988-09-16,0.25496
1988-09-23,0.25709
1988-09-30,0.26070
1988-10-07,0.26553
1988-10-14,0.27108
1988-10-21,0.27692
1988-10-28,0.28251
1988-11-04,0.28738
1988-11-11,0.29108
1988-11-18,0.29330
1988-11-25,0.29380
1988-12-02,0.29241
1988-12-09,0.28910
1988-12-16,0.28378
1988-12-23,0.27648
1988-12-30,0.26712
1989-01-06,0.25567
1989-01-13,0.24209
1989-01-20,0.22628
1989-01-27,0.20817
1989-02-03,0.18789
1989-02-10,0.16549
1989-02-17,0.14142
1989-02-24,0.11627
1989-03-03,0.09071
1989-03-10,0.06574
1989-03-17,0.04210
1989-03-24,0.02050
1989-03-31,0.00145
1989-04-07,-0.01479
1989-04-14,-0.02821
1989-04-21,-0.03892
1989-04-28,-0.04726
1989-05-05,-0.05353
1989-05-12,-0.05816
1989-05-19,-0.06141
1989-05-26,-0.06356
1989-06-02,-0.06472
1989-06-09,-0.06498
1989-06-16,-0.06442
1989-06-23,-0.06311
1989-06-30,-0.06123
1989-07-07,-0.05898
1989-07-14,-0.05669
1989-07-21,-0.05460
1989-07-28,-0.05288
1989-08-04,-0.05162
1989-08-11,-0.05079
1989-08-18,-0.05011
1989-08-25,-0.04924
1989-09-01,-0.04768
1989-09-08,-0.04484
1989-09-15,-0.04008
1989-09-22,-0.03282
1989-09-29,-0.02254
1989-10-06,-0.00880
1989-10-13,0.00866
1989-10-20,0.02999
1989-10-27,0.05523
1989-11-03,0.08428
1989-11-10,0.11689
1989-11-17,0.15268
1989-11-24,0.19109
1989-12-01,0.23140
1989-12-08,0.27274
1989-12-15,0.31403
1989-12-22,0.35407
1989-12-29,0.39156
1990-01-05,0.42521
1990-01-12,0.45356
1990-01-19,0.47549
1990-01-26,0.49002
1990-02-02,0.49640
1990-02-09,0.49420
1990-02-16,0.48333
1990-02-23,0.46397
1990-03-02,0.43667
1990-03-09,0.40228
1990-03-16,0.36198
1990-03-23,0.31727
1990-03-30,0.26990
1990-04-06,0.22179
1990-04-13,0.17519
1990-04-20,0.13218
1990-04-27,0.09477
1990-05-04,0.06479
1990-05-11,0.04380
1990-05-18,0.03290
1990-05-25,0.03280
1990-06-01,0.04374
1990-06-08,0.06548
1990-06-15,0.09725
1990-06-22,0.13794
1990-06-29,0.18606
1990-07-06,0.23994
1990-07-13,0.29750
1990-07-20,0.35682
1990-07-27,0.41593
1990-08-03,0.47304
1990-08-10,0.52640
1990-08-17,0.57470
1990-08-24,0.61675
1990-08-31,0.65174
1990-09-07,0.67901
1990-09-14,0.69824
1990-09-21,0.70918
1990-09-28,0.71175
1990-10-05,0.70595
1990-10-12,0.69182
1990-10-19,0.66961
1990-10-26,0.63949
1990-11-02,0.60183
1990-11-09,0.55703
1990-11-16,0.50566
1990-11-23,0.44837
1990-11-30,0.38595
1990-12-07,0.31925
1990-12-14,0.24928
1990-12-21,0.17701
1990-12-28,0.10351
1991-01-04,0.02986
1991-01-11,-0.04288
1991-01-18,-0.11365
1991-01-25,-0.18146
1991-02-01,-0.24535
1991-02-08,-0.30450
1991-02-15,-0.35806
1991-02-22,-0.40550
1991-03-01,-0.44640
1991-03-08,-0.48054
1991-03-15,-0.50793
1991-03-22,-0.52873
1991-03-29,-0.54319
1991-04-05,-0.55167
1991-04-12,-0.55461
1991-04-19,-0.55243
1991-04-26,-0.54559
1991-05-03,-0.53453
1991-05-10,-0.51976
1991-05-17,-0.50173
1991-05-24,-0.48096
1991-05-31,-0.45802
1991-06-07,-0.43344
1991-06-14,-0.40782
1991-06-21,-0.38168
1991-06-28,-0.35553
1991-07-05,-0.32971
1991-07-12,-0.30461
1991-07-19,-0.28046
1991-07-26,-0.25743
1991-08-02,-0.23568
1991-08-09,-0.21541
1991-08-16,-0.19675
1991-08-23,-0.18004
1991-08-30,-0.16566
1991-09-06,-0.15391
1991-09-13,-0.14540
1991-09-20,-0.14014
1991-09-27,-0.13812
1991-10-04,-0.13902
1991-10-11,-0.14266
1991-10-18,-0.14859
1991-10-25,-0.15637
1991-11-01,-0.16584
1991-11-08,-0.17669
1991-11-15,-0.18872
1991-11-22,-0.20213
1991-11-29,-0.21720
1991-12-06,-0.23404
1991-12-13,-0.25265
1991-12-20,-0.27259
1991-12-27,-0.29379
1992-01-03,-0.31494
1992-01-10,-0.33601
1992-01-17,-0.35613
1992-01-24,-0.37481
1992-01-31,-0.39143
1992-02-07,-0.40598
1992-02-14,-0.41796
1992-02-21,-0.42759
1992-02-28,-0.43480
1992-03-06,-0.43982
1992-03-13,-0.44324
1992-03-20,-0.44565
1992-03-27,-0.44757
1992-04-03,-0.44967
1992-04-10,-0.45325
1992-04-17,-0.45850
1992-04-24,-0.46634
1992-05-01,-0.47656
1992-05-08,-0.48972
1992-05-15,-0.50531
1992-05-22,-0.52291
1992-05-29,-0.54183
1992-06-05,-0.56137
1992-06-12,-0.58025
1992-06-19,-0.59687
1992-06-26,-0.60998
1992-07-03,-0.61795
1992-07-10,-0.61967
1992-07-17,-0.61468
1992-07-24,-0.60388
1992-07-31,-0.58799
1992-08-07,-0.56907
1992-08-14,-0.54908
1992-08-21,-0.53029
1992-08-28,-0.51518
1992-09-04,-0.50545
1992-09-11,-0.50213
1992-09-18,-0.50578
1992-09-25,-0.51584
1992-10-02,-0.53100
1992-10-09,-0.54975
1992-10-16,-0.57092
1992-10-23,-0.59348
1992-10-30,-0.61656
1992-11-06,-0.64024
1992-11-13,-0.66441
1992-11-20,-0.68945
1992-11-27,-0.71631
1992-12-04,-0.74507
1992-12-11,-0.77603
1992-12-18,-0.80899
1992-12-25,-0.84318
1993-01-01,-0.87758
1993-01-08,-0.91103
1993-01-15,-0.94298
1993-01-22,-0.97239
1993-01-29,-0.99896
1993-02-05,-1.02298
1993-02-12,-1.04435
1993-02-19,-1.06347
1993-02-26,-1.08020
1993-03-05,-1.09371
1993-03-12,-1.10306
1993-03-19,-1.10610
1993-03-26,-1.10136
1993-04-02,-1.08729
1993-04-09,-1.06356
1993-04-16,-1.03040
1993-04-23,-0.98973
1993-04-30,-0.94557
1993-05-07,-0.90214
1993-05-14,-0.86414
1993-05-21,-0.83583
1993-05-28,-0.82032
1993-06-04,-0.81868
1993-06-11,-0.83087
1993-06-18,-0.85461
1993-06-25,-0.88665
1993-07-02,-0.92275
1993-07-09,-0.95914
1993-07-16,-0.99218
1993-07-23,-1.01979
1993-07-30,-1.04078
1993-08-06,-1.05476
1993-08-13,-1.06189
1993-08-20,-1.06239
1993-08-27,-1.05692
1993-09-03,-1.04480
1993-09-10,-1.02545
1993-09-17,-0.99699
1993-09-24,-0.95848
1993-10-01,-0.90902
1993-10-08,-0.84894
1993-10-15,-0.77933
1993-10-22,-0.70343
1993-10-29,-0.62491
1993-11-05,-0.54790
1993-11-12,-0.47640
1993-11-19,-0.41330
1993-11-26,-0.36070
1993-12-03,-0.31867
1993-12-10,-0.28611
1993-12-17,-0.26109
1993-12-24,-0.24112
1993-12-31,-0.22365
1994-01-07,-0.20661
1994-01-14,-0.18882
1994-01-21,-0.16961
1994-01-28,-0.14967
1994-02-04,-0.12975
1994-02-11,-0.11200
1994-02-18,-0.09811
1994-02-25,-0.08984
1994-03-04,-0.08811
1994-03-11,-0.09381
1994-03-18,-0.10660
1994-03-25,-0.12548
1994-04-01,-0.14904
1994-04-08,-0.17579
1994-04-15,-0.20390
1994-04-22,-0.23154
1994-04-29,-0.25798
1994-05-06,-0.28246
1994-05-13,-0.30447
1994-05-20,-0.32350
1994-05-27,-0.33921
1994-06-03,-0.35139
1994-06-10,-0.35977
1994-06-17,-0.36402
1994-06-24,-0.36417
1994-07-01,-0.36014
1994-07-08,-0.35167
1994-07-15,-0.33825
1994-07-22,-0.31949
1994-07-29,-0.29529
1994-08-05,-0.26524
1994-08-12,-0.22940
1994-08-19,-0.18776
1994-08-26,-0.14105
1994-09-02,-0.09006
1994-09-09,-0.03594
1994-09-16,0.01963
1994-09-23,0.07503
1994-09-30,0.12861
1994-10-07,0.17886
1994-10-14,0.22495
1994-10-21,0.26628
1994-10-28,0.30243
1994-11-04,0.33337
1994-11-11,0.35899
1994-11-18,0.37922
1994-11-25,0.39338
1994-12-02,0.40161
1994-12-09,0.40373
1994-12-16,0.39949
1994-12-23,0.38933
1994-12-30,0.37356
1995-01-06,0.35291
1995-01-13,0.32896
1995-01-20,0.30331
1995-01-27,0.27714
1995-02-03,0.25233
1995-02-10,0.22995
1995-02-17,0.21033
1995-02-24,0.19357
1995-03-03,0.17919
1995-03-10,0.16622
1995-03-17,0.15319
1995-03-24,0.13902
1995-03-31,0.12280
1995-04-07,0.10407
1995-04-14,0.08369
1995-04-21,0.06206
1995-04-28,0.04033
1995-05-05,0.01991
1995-05-12,0.00232
1995-05-19,-0.01108
1995-05-26,-0.01930
1995-06-02,-0.02213
1995-06-09,-0.01948
1995-06-16,-0.01338
1995-06-23,-0.00566
1995-06-30,0.00132
1995-07-07,0.00483
1995-07-14,0.00253
1995-07-21,-0.00740
1995-07-28,-0.02632
1995-08-04,-0.05402
1995-08-11,-0.08935
1995-08-18,-0.13065
1995-08-25,-0.17506
1995-09-01,-0.21980
1995-09-08,-0.26198
1995-09-15,-0.30003
1995-09-22,-0.33179
1995-09-29,-0.35714
1995-10-06,-0.37577
1995-10-13,-0.38838
1995-10-20,-0.39573
1995-10-27,-0.39957
1995-11-03,-0.40127
1995-11-10,-0.40199
1995-11-17,-0.40238
1995-11-24,-0.40329
1995-12-01,-0.40539
1995-12-08,-0.40894
1995-12-15,-0.41479
1995-12-22,-0.42369
1995-12-29,-0.43621
1996-01-05,-0.45218
1996-01-12,-0.47184
1996-01-19,-0.49412
1996-01-26,-0.51749
1996-02-02,-0.54011
1996-02-09,-0.56000
1996-02-16,-0.57461
1996-02-23,-0.58236
1996-03-01,-0.58232
1996-03-08,-0.57368
1996-03-15,-0.55755
1996-03-22,-0.53490
1996-03-29,-0.50713
1996-04-05,-0.47580
1996-04-12,-0.44276
1996-04-19,-0.40970
1996-04-26,-0.37819
1996-05-03,-0.34929
1996-05-10,-0.32398
1996-05-17,-0.30213
1996-05-24,-0.28427
1996-05-31,-0.27031
1996-06-07,-0.26060
1996-06-14,-0.25582
1996-06-21,-0.25604
1996-06-28,-0.26237
1996-07-05,-0.27443
1996-07-12,-0.29230
1996-07-19,-0.31520
1996-07-26,-0.34156
1996-08-02,-0.36970
1996-08-09,-0.39753
1996-08-16,-0.42348
1996-08-23,-0.44659
1996-08-30,-0.46675
1996-09-06,-0.48495
1996-09-13,-0.50256
1996-09-20,-0.52115
1996-09-27,-0.54299
1996-10-04,-0.56863
1996-10-11,-0.59832
1996-10-18,-0.63150
1996-10-25,-0.66648
1996-11-01,-0.70076
1996-11-08,-0.73142
1996-11-15,-0.75617
1996-11-22,-0.77345
1996-11-29,-0.78261
1996-12-06,-0.78429
1996-12-13,-0.78065
1996-12-20,-0.77513
1996-12-27,-0.77073
1997-01-03,-0.77089
1997-01-10,-0.77862
1997-01-17,-0.79537
1997-01-24,-0.82040
1997-01-31,-0.85191
1997-02-07,-0.88675
1997-02-14,-0.92099
1997-02-21,-0.95053
1997-02-28,-0.97216
1997-03-07,-0.98422
1997-03-14,-0.98496
1997-03-21,-0.97590
1997-03-28,-0.95816
1997-04-04,-0.93527
1997-04-11,-0.91034
1997-04-18,-0.88639
1997-04-25,-0.86603
1997-05-02,-0.85121
1997-05-09,-0.84157
1997-05-16,-0.83695
1997-05-23,-0.83591
1997-05-30,-0.83655
1997-06-06,-0.83709
1997-06-13,-0.83511
1997-06-20,-0.82990
1997-06-27,-0.82085
1997-07-04,-0.80944
1997-07-11,-0.79663
1997-07-18,-0.78488
1997-07-25,-0.77656
1997-08-01,-0.77309
1997-08-08,-0.77511
1997-08-15,-0.78373
1997-08-22,-0.79790
1997-08-29,-0.81632
1997-09-05,-0.83721
1997-09-12,-0.85769
1997-09-19,-0.87592
1997-09-26,-0.88976
1997-10-03,-0.89839
1997-10-10,-0.90159
1997-10-17,-0.90040
1997-10-24,-0.89557
1997-10-31,-0.88863
1997-11-07,-0.88107
1997-11-14,-0.87352
1997-11-21,-0.86666
1997-11-28,-0.85964
1997-12-05,-0.85186
1997-12-12,-0.84143
1997-12-19,-0.82814
1997-12-26,-0.81193
1998-01-02,-0.79396
1998-01-09,-0.77607
1998-01-16,-0.76102
1998-01-23,-0.75052
1998-01-30,-0.74750
1998-02-06,-0.75279
1998-02-13,-0.76617
1998-02-20,-0.78683
1998-02-27,-0.81200
1998-03-06,-0.83875
1998-03-13,-0.86334
1998-03-20,-0.88259
1998-03-27,-0.89321
1998-04-03,-0.89411
1998-04-10,-0.88489
1998-04-17,-0.86596
1998-04-24,-0.83954
1998-05-01,-0.80885
1998-05-08,-0.77607
1998-05-15,-0.74469
1998-05-22,-0.71598
1998-05-29,-0.69017
1998-06-05,-0.66659
1998-06-12,-0.64284
1998-06-19,-0.61583
1998-06-26,-0.58198
1998-07-03,-0.53808
1998-07-10,-0.48151
1998-07-17,-0.41082
1998-07-24,-0.32661
1998-07-31,-0.23172
1998-08-07,-0.12979
1998-08-14,-0.02635
1998-08-21,0.07294
1998-08-28,0.16287
1998-09-04,0.23905
1998-09-11,0.29911
1998-09-18,0.34242
1998-09-25,0.37082
1998-10-02,0.38728
1998-10-09,0.39614
1998-10-16,0.40183
1998-10-23,0.41000
1998-10-30,0.42409
1998-11-06,0.44683
1998-11-13,0.47980
1998-11-20,0.52161
1998-11-27,0.57054
1998-12-04,0.62352
1998-12-11,0.67657
1998-12-18,0.72521
1998-12-25,0.76681
1999-01-01,0.79838
1999-01-08,0.81744
1999-01-15,0.82393
1999-01-22,0.81725
1999-01-29,0.79760
1999-02-05,0.76652
1999-02-12,0.72552
1999-02-19,0.67730
1999-02-26,0.62543
1999-03-05,0.57285
1999-03-12,0.52260
1999-03-19,0.47710
1999-03-26,0.43819
1999-04-02,0.40736
1999-04-09,0.38547
1999-04-16,0.37355
1999-04-23,0.37167
1999-04-30,0.37950
1999-05-07,0.39622
1999-05-14,0.41979
1999-05-21,0.44848
1999-05-28,0.47989
1999-06-04,0.51238
1999-06-11,0.54392
1999-06-18,0.57418
1999-06-25,0.60363
1999-07-02,0.63325
1999-07-09,0.66472
1999-07-16,0.70042
1999-07-23,0.74121
1999-07-30,0.78798
1999-08-06,0.84032
1999-08-13,0.89572
1999-08-20,0.95168
1999-08-27,1.00410
1999-09-03,1.04819
1999-09-10,1.07973
1999-09-17,1.09598
1999-09-24,1.09578
1999-10-01,1.08106
1999-10-08,1.05512
1999-10-15,1.02445
1999-10-22,0.99454
1999-10-29,0.97270
1999-11-05,0.96449
1999-11-12,0.97242
1999-11-19,0.99689
1999-11-26,1.03559
1999-12-03,1.08403
1999-12-10,1.13777
1999-12-17,1.19168
1999-12-24,1.24078
1999-12-31,1.28269
2000-01-07,1.31585
2000-01-14,1.33955
2000-01-21,1.35508
2000-01-28,1.36220
2000-02-04,1.36300
2000-02-11,1.35691
2000-02-18,1.34419
2000-02-25,1.32329
2000-03-03,1.29443
2000-03-10,1.25749
2000-03-17,1.21168
2000-03-24,1.15913
2000-03-31,1.10081
2000-04-07,1.03821
2000-04-14,0.97172
2000-04-21,0.90401
2000-04-28,0.83624
2000-05-05,0.76996
2000-05-12,0.70614
2000-05-19,0.64688
2000-05-26,0.59223
2000-06-02,0.54223
2000-06-09,0.49611
2000-06-16,0.45107
2000-06-23,0.40478
2000-06-30,0.35439
2000-07-07,0.29709
2000-07-14,0.23224
2000-07-21,0.16002
2000-07-28,0.08116
2000-08-04,-0.00201
2000-08-11,-0.08628
2000-08-18,-0.16883
2000-08-25,-0.24720
2000-09-01,-0.31936
2000-09-08,-0.38348
2000-09-15,-0.43790
2000-09-22,-0.48302
2000-09-29,-0.52114
2000-10-06,-0.55405
2000-10-13,-0.58629
2000-10-20,-0.62234
2000-10-27,-0.66628
2000-11-03,-0.72048
2000-11-10,-0.78723
2000-11-17,-0.86602
2000-11-24,-0.95600
2000-12-01,-1.05461
2000-12-08,-1.15605
2000-12-15,-1.25517
2000-12-22,-1.34721
2000-12-29,-1.42736
2001-01-05,-1.49320
2001-01-12,-1.54456
2001-01-19,-1.58279
2001-01-26,-1.61083
2001-02-02,-1.63057
2001-02-09,-1.64495
2001-02-16,-1.65606
2001-02-23,-1.66491
2001-03-02,-1.67283
2001-03-09,-1.67863
2001-03-16,-1.68219
2001-03-23,-1.68224
2001-03-30,-1.67894
2001-04-06,-1.67166
2001-04-13,-1.66191
2001-04-20,-1.65100
2001-04-27,-1.64129
2001-05-04,-1.63413
2001-05-11,-1.63084
2001-05-18,-1.63226
2001-05-25,-1.63875
2001-06-01,-1.64912
2001-06-08,-1.66177
2001-06-15,-1.67553
2001-06-22,-1.68776
2001-06-29,-1.69590
2001-07-06,-1.69852
2001-07-13,-1.69446
2001-07-20,-1.68360
2001-07-27,-1.66653
2001-08-03,-1.64392
2001-08-10,-1.61731
2001-08-17,-1.58853
2001-08-24,-1.55920
2001-08-31,-1.53146
2001-09-07,-1.50624
2001-09-14,-1.48499
2001-09-21,-1.46707
2001-09-28,-1.45219
2001-10-05,-1.43813
2001-10-12,-1.42337
2001-10-19,-1.40716
2001-10-26,-1.38820
2001-11-02,-1.36564
2001-11-09,-1.34000
2001-11-16,-1.31146
2001-11-23,-1.28105
2001-11-30,-1.24946
2001-12-07,-1.21751
2001-12-14,-1.18521
2001-12-21,-1.15262
2001-12-28,-1.11971
2002-01-04,-1.08596
2002-01-11,-1.05205
2002-01-18,-1.01862
2002-01-25,-0.98633
2002-02-01,-0.95710
2002-02-08,-0.93403
2002-02-15,-0.91879
2002-02-22,-0.91302
2002-03-01,-0.91755
2002-03-08,-0.93163
2002-03-15,-0.95303
2002-03-22,-0.97920
2002-03-29,-1.00710
2002-04-05,-1.03395
2002-04-12,-1.05723
2002-04-19,-1.07525
2002-04-26,-1.08771
2002-05-03,-1.09493
2002-05-10,-1.09782
2002-05-17,-1.09810
2002-05-24,-1.09772
2002-05-31,-1.09819
2002-06-07,-1.10039
2002-06-14,-1.10449
2002-06-21,-1.11038
2002-06-28,-1.11660
2002-07-05,-1.12168
2002-07-12,-1.12444
2002-07-19,-1.12300
2002-07-26,-1.11574
2002-08-02,-1.10211
2002-08-09,-1.08139
2002-08-16,-1.05338
2002-08-23,-1.01953
2002-08-30,-0.98208
2002-09-06,-0.94282
2002-09-13,-0.90432
2002-09-20,-0.86847
2002-09-27,-0.83665
2002-10-04,-0.80793
2002-10-11,-0.78200
2002-10-18,-0.75694
2002-10-25,-0.73040
2002-11-01,-0.70174
2002-11-08,-0.66934
2002-11-15,-0.63418
2002-11-22,-0.59676
2002-11-29,-0.55832
2002-12-06,-0.52043
2002-12-13,-0.48489
2002-12-20,-0.45253
2002-12-27,-0.42402
2003-01-03,-0.39995
2003-01-10,-0.38010
2003-01-17,-0.36427
2003-01-24,-0.35198
2003-01-31,-0.34408
2003-02-07,-0.34114
2003-02-14,-0.34500
2003-02-21,-0.35584
2003-02-28,-0.37407
2003-03-07,-0.39948
2003-03-14,-0.43059
2003-03-21,-0.46608
2003-03-28,-0.50319
2003-04-04,-0.53998
2003-04-11,-0.57369
2003-04-18,-0.60245
2003-04-25,-0.62503
2003-05-02,-0.64152
2003-05-09,-0.65237
2003-05-16,-0.65919
2003-05-23,-0.66315
2003-05-30,-0.66599
2003-06-06,-0.66876
2003-06-13,-0.67179
2003-06-20,-0.67484
2003-06-27,-0.67690
2003-07-04,-0.67586
2003-07-11,-0.66951
2003-07-18,-0.65583
2003-07-25,-0.63336
2003-08-01,-0.60187
2003-08-08,-0.56333
2003-08-15,-0.52001
2003-08-22,-0.47555
2003-08-29,-0.43444
2003-09-05,-0.39968
2003-09-12,-0.37352
2003-09-19,-0.35719
2003-09-26,-0.34941
2003-10-03,-0.34811
2003-10-10,-0.35025
2003-10-17,-0.35253
2003-10-24,-0.35173
2003-10-31,-0.34571
2003-11-07,-0.33350
2003-11-14,-0.31544
2003-11-21,-0.29310
2003-11-28,-0.26905
2003-12-05,-0.24617
2003-12-12,-0.22805
2003-12-19,-0.21760
2003-12-26,-0.21705
2004-01-02,-0.22756
2004-01-09,-0.24928
2004-01-16,-0.28081
2004-01-23,-0.31940
2004-01-30,-0.36201
2004-02-06,-0.40459
2004-02-13,-0.44329
2004-02-20,-0.47420
2004-02-27,-0.49446
2004-03-05,-0.50176
2004-03-12,-0.49537
2004-03-19,-0.47544
2004-03-26,-0.44336
2004-04-02,-0.40192
2004-04-09,-0.35460
2004-04-16,-0.30459
2004-04-23,-0.25591
2004-04-30,-0.21172
2004-05-07,-0.17346
2004-05-14,-0.14299
2004-05-21,-0.11996
2004-05-28,-0.10393
2004-06-04,-0.09411
2004-06-11,-0.08927
2004-06-18,-0.08850
2004-06-25,-0.09094
2004-07-02,-0.09587
2004-07-09,-0.10261
2004-07-16,-0.11068
2004-07-23,-0.11949
2004-07-30,-0.12837
2004-08-06,-0.13642
2004-08-13,-0.14275
2004-08-20,-0.14619
2004-08-27,-0.14567
2004-09-03,-0.14045
2004-09-10,-0.13021
2004-09-17,-0.11527
2004-09-24,-0.09640
2004-10-01,-0.07473
2004-10-08,-0.05195
2004-10-15,-0.02911
2004-10-22,-0.00822
2004-10-29,0.00909
2004-11-05,0.02221
2004-11-12,0.03000
2004-11-19,0.03255
2004-11-26,0.03020
2004-12-03,0.02394
2004-12-10,0.01527
2004-12-17,0.00565
2004-12-24,-0.00337
2004-12-31,-0.01055
2005-01-07,-0.01529
2005-01-14,-0.01703
2005-01-21,-0.01608
2005-01-28,-0.01277
2005-02-04,-0.00770
2005-02-11,-0.00163
2005-02-18,0.00535
2005-02-25,0.01277
2005-03-04,0.02071
2005-03-11,0.03017
2005-03-18,0.04130
2005-03-25,0.05437
2005-04-01,0.06885
2005-04-08,0.08441
2005-04-15,0.10016
2005-04-22,0.11573
2005-04-29,0.13029
2005-05-06,0.14421
2005-05-13,0.15724
2005-05-20,0.16957
2005-05-27,0.18183
2005-06-03,0.19386
2005-06-10,0.20660
2005-06-17,0.21983
2005-06-24,0.23308
2005-07-01,0.24581
2005-07-08,0.25766
2005-07-15,0.26735
2005-07-22,0.27461
2005-07-29,0.27869
2005-08-05,0.27936
2005-08-12,0.27641
2005-08-19,0.26963
2005-08-26,0.25872
2005-09-02,0.24315
2005-09-09,0.22238
2005-09-16,0.19495
2005-09-23,0.16163
2005-09-30,0.12135
2005-10-07,0.07501
2005-10-14,0.02400
2005-10-21,-0.02941
2005-10-28,-0.08255
2005-11-04,-0.13173
2005-11-11,-0.17459
2005-11-18,-0.20771
2005-11-25,-0.22963
2005-12-02,-0.23926
2005-12-09,-0.23726
2005-12-16,-0.22477
2005-12-23,-0.20451
2005-12-30,-0.18006
2006-01-06,-0.15496
2006-01-13,-0.13407
2006-01-20,-0.11989
2006-01-27,-0.11509
2006-02-03,-0.11975
2006-02-10,-0.13332
2006-02-17,-0.15342
2006-02-24,-0.17789
2006-03-03,-0.20340
2006-03-10,-0.22804
2006-03-17,-0.24952
2006-03-24,-0.26787
2006-03-31,-0.28265
2006-04-07,-0.29470
2006-04-14,-0.30570
2006-04-21,-0.31633
2006-04-28,-0.32737
2006-05-05,-0.33796
2006-05-12,-0.34777
2006-05-19,-0.35556
2006-05-26,-0.36030
2006-06-02,-0.36061
2006-06-09,-0.35640
2006-06-16,-0.34690
2006-06-23,-0.33344
2006-06-30,-0.31785
2006-07-07,-0.30222
2006-07-14,-0.28957
2006-07-21,-0.28168
2006-07-28,-0.27939
2006-08-04,-0.28328
2006-08-11,-0.29192
2006-08-18,-0.30405
2006-08-25,-0.31751
2006-09-01,-0.32982
2006-09-08,-0.33936
2006-09-15,-0.34403
2006-09-22,-0.34334
2006-09-29,-0.33798
2006-10-06,-0.32908
2006-10-13,-0.31854
2006-10-20,-0.30801
2006-10-27,-0.29903
2006-11-03,-0.29188
2006-11-10,-0.28632
2006-11-17,-0.28139
2006-11-24,-0.27572
2006-12-01,-0.26794
2006-12-08,-0.25746
2006-12-15,-0.24321
2006-12-22,-0.22606
2006-12-29,-0.20752
2007-01-05,-0.18947
2007-01-12,-0.17523
2007-01-19,-0.16661
2007-01-26,-0.16457
2007-02-02,-0.16861
2007-02-09,-0.17763
2007-02-16,-0.18844
2007-02-23,-0.19830
2007-03-02,-0.20454
2007-03-09,-0.20509
2007-03-16,-0.19840
2007-03-23,-0.18490
2007-03-30,-0.16515
2007-04-06,-0.14093
2007-04-13,-0.11547
2007-04-20,-0.09031
2007-04-27,-0.06634
2007-05-04,-0.04369
2007-05-11,-0.02123
2007-05-18,0.00318
2007-05-25,0.03171
2007-06-01,0.06702
2007-06-08,0.11069
2007-06-15,0.16418
2007-06-22,0.22736
2007-06-29,0.29916
2007-07-06,0.37743
2007-07-13,0.45933
2007-07-20,0.54270
2007-07-27,0.62489
2007-08-03,0.70483
2007-08-10,0.78160
2007-08-17,0.85593
2007-08-24,0.92930
2007-08-31,1.00215
2007-09-07,1.07528
2007-09-14,1.14929
2007-09-21,1.22523
2007-09-28,1.30399
2007-10-05,1.38557
2007-10-12,1.47131
2007-10-19,1.56035
2007-10-26,1.65033
2007-11-02,1.74015
2007-11-09,1.82619
2007-11-16,1.90563
2007-11-23,1.97569
2007-11-30,2.03276
2007-12-07,2.07595
2007-12-14,2.10415
2007-12-21,2.11659
2007-12-28,2.11616
2008-01-04,2.10566
2008-01-11,2.09010
2008-01-18,2.07494
2008-01-25,2.06425
2008-02-01,2.06246
2008-02-08,2.07160
2008-02-15,2.09013
2008-02-22,2.11553
2008-02-29,2.14507
2008-03-07,2.17490
2008-03-14,2.20253
2008-03-21,2.22629
2008-03-28,2.24940
2008-04-04,2.27130
2008-04-11,2.29718
2008-04-18,2.32872
2008-04-25,2.36875
2008-05-02,2.41824
2008-05-09,2.47764
2008-05-16,2.54337
2008-05-23,2.61251
2008-05-30,2.68002
2008-06-06,2.74102
2008-06-13,2.79078
2008-06-20,2.82556
2008-06-27,2.84319
2008-07-04,2.84199
2008-07-11,2.82333
2008-07-18,2.78762
2008-07-25,2.74045
2008-08-01,2.68478
2008-08-08,2.62581
2008-08-15,2.56726
2008-08-22,2.51402
2008-08-29,2.46896
2008-09-05,2.43704
2008-09-12,2.42234
2008-09-19,2.42653
2008-09-26,2.45266
2008-10-03,2.49928
2008-10-10,2.56442
2008-10-17,2.64385
2008-10-24,2.73398
2008-10-31,2.82821
2008-11-07,2.92225
2008-11-14,3.01124
2008-11-21,3.09320
2008-11-28,3.16417
2008-12-05,3.22885
2008-12-12,3.29006
2008-12-19,3.35042
2008-12-26,3.41414
2009-01-02,3.48231
2009-01-09,3.55458
2009-01-16,3.62783
2009-01-23,3.69622
2009-01-30,3.75241
2009-02-06,3.78961
2009-02-13,3.80052
2009-02-20,3.77921
2009-02-27,3.72082
2009-03-06,3.62683
2009-03-13,3.49682
2009-03-20,3.33833
2009-03-27,3.15768
2009-04-03,2.96389
2009-04-10,2.76555
2009-04-17,2.57109
2009-04-24,2.38676
2009-05-01,2.21748
2009-05-08,2.06504
2009-05-15,1.93250
2009-05-22,1.81731
2009-05-29,1.71739
2009-06-05,1.63024
2009-06-12,1.55118
2009-06-19,1.47767
2009-06-26,1.40612
2009-07-03,1.33460
2009-07-10,1.26143
2009-07-17,1.18660
2009-07-24,1.11077
2009-07-31,1.03536
2009-08-07,0.96218
2009-08-14,0.89426
2009-08-21,0.83261
2009-08-28,0.77923
2009-09-04,0.73507
2009-09-11,0.70027
2009-09-18,0.67495
2009-09-25,0.65897
2009-10-02,0.65125
2009-10-09,0.65088
2009-10-16,0.65659
2009-10-23,0.66671
2009-10-30,0.67987
2009-11-06,0.69376
2009-11-13,0.70725
2009-11-20,0.71869
2009-11-27,0.72776
2009-12-04,0.73318
2009-12-11,0.73559
2009-12-18,0.73460
2009-12-25,0.72991
2010-01-01,0.72133
2010-01-08,0.70825
2010-01-15,0.68994
2010-01-22,0.66553
2010-01-29,0.63400
2010-02-05,0.59522
2010-02-12,0.54907
2010-02-19,0.49616
2010-02-26,0.43824
2010-03-05,0.37784
2010-03-12,0.31826
2010-03-19,0.26280
2010-03-26,0.21446
2010-04-02,0.17597
2010-04-09,0.14867
2010-04-16,0.13298
2010-04-23,0.12778
2010-04-30,0.13133
2010-05-07,0.14111
2010-05-14,0.15381
2010-05-21,0.16664
2010-05-28,0.17772
2010-06-04,0.18547
2010-06-11,0.18906
2010-06-18,0.18878
2010-06-25,0.18545
2010-07-02,0.17998
2010-07-09,0.17301
2010-07-16,0.16594
2010-07-23,0.15891
2010-07-30,0.15214
2010-08-06,0.14596
2010-08-13,0.14059
2010-08-20,0.13628
2010-08-27,0.13358
2010-09-03,0.13309
2010-09-10,0.13606
2010-09-17,0.14311
2010-09-24,0.15427
2010-10-01,0.16928
2010-10-08,0.18765
2010-10-15,0.20797
2010-10-22,0.22801
2010-10-29,0.24626
2010-11-05,0.26047
2010-11-12,0.26959
2010-11-19,0.27195
2010-11-26,0.26711
2010-12-03,0.25514
2010-12-10,0.23710
2010-12-17,0.21434
2010-12-24,0.18853
2010-12-31,0.16163
2011-01-07,0.13545
2011-01-14,0.11115
2011-01-21,0.09024
2011-01-28,0.07267
2011-02-04,0.05905
2011-02-11,0.04927
2011-02-18,0.04343
2011-02-25,0.04150
2011-03-04,0.04326
2011-03-11,0.04871
2011-03-18,0.05782
2011-03-25,0.07095
2011-04-01,0.08729
2011-04-08,0.10697
2011-04-15,0.12910
2011-04-22,0.15306
2011-04-29,0.17734
2011-05-06,0.20254
2011-05-13,0.22716
2011-05-20,0.25103
2011-05-27,0.27484
2011-06-03,0.29964
2011-06-10,0.32707
2011-06-17,0.35872
2011-06-24,0.39711
2011-07-01,0.44328
2011-07-08,0.49910
2011-07-15,0.56421
2011-07-22,0.63782
2011-07-29,0.71821
2011-08-05,0.80306
2011-08-12,0.88816
2011-08-19,0.96908
2011-08-26,1.04226
2011-09-02,1.10463
2011-09-09,1.15331
2011-09-16,1.18681
2011-09-23,1.20562
2011-09-30,1.20894
2011-10-07,1.19865
2011-10-14,1.17617
2011-10-21,1.14429
2011-10-28,1.10527
2011-11-04,1.06173
2011-11-11,1.01492
2011-11-18,0.96664
2011-11-25,0.91693
2011-12-02,0.86574
2011-12-09,0.81322
2011-12-16,0.75894
2011-12-23,0.70306
2011-12-30,0.64533
2012-01-06,0.58702
2012-01-13,0.52963
2012-01-20,0.47461
2012-01-27,0.42351
2012-02-03,0.37737
2012-02-10,0.33721
2012-02-17,0.30346
2012-02-24,0.27618
2012-03-02,0.25550
2012-03-09,0.24159
2012-03-16,0.23423
2012-03-23,0.23386
2012-03-30,0.24017
2012-04-06,0.25291
2012-04-13,0.27095
2012-04-20,0.29303
2012-04-27,0.31743
2012-05-04,0.34263
2012-05-11,0.36656
2012-05-18,0.38756
2012-05-25,0.40399
2012-06-01,0.41534
2012-06-08,0.42128
2012-06-15,0.42220
2012-06-22,0.41975
2012-06-29,0.41427
2012-07-06,0.40747
2012-07-13,0.39984
2012-07-20,0.39260
2012-07-27,0.38554
2012-08-03,0.37862
2012-08-10,0.37143
2012-08-17,0.36298
2012-08-24,0.35260
2012-08-31,0.33984
2012-09-07,0.32409
2012-09-14,0.30545
2012-09-21,0.28516
2012-09-28,0.26125
2012-10-05,0.23631
2012-10-12,0.21029
2012-10-19,0.18379
2012-10-26,0.15702
2012-11-02,0.12989
2012-11-09,0.10204
2012-11-16,0.07310
2012-11-23,0.04280
2012-11-30,0.01109
2012-12-07,-0.02188
2012-12-14,-0.05537
2012-12-21,-0.08826
2012-12-28,-0.11950
2013-01-04,-0.14728
2013-01-11,-0.17045
2013-01-18,-0.18813
2013-01-25,-0.20061
2013-02-01,-0.20822
2013-02-08,-0.21206
2013-02-15,-0.21379
2013-02-22,-0.21457
2013-03-01,-0.21550
2013-03-08,-0.21726
2013-03-15,-0.22003
2013-03-22,-0.22413
2013-03-29,-0.22839
2013-04-05,-0.23342
2013-04-12,-0.23909
2013-04-19,-0.24547
2013-04-26,-0.25353
2013-05-03,-0.26369
2013-05-10,-0.27716
2013-05-17,-0.29492
2013-05-24,-0.31699
2013-05-31,-0.34360
2013-06-07,-0.37406
2013-06-14,-0.40777
2013-06-21,-0.44230
2013-06-28,-0.47835
2013-07-05,-0.51178
2013-07-12,-0.54125
2013-07-19,-0.56510
2013-07-26,-0.58216
2013-08-02,-0.59144
2013-08-09,-0.59266
2013-08-16,-0.58580
2013-08-23,-0.57096
2013-08-30,-0.54888
2013-09-06,-0.52083
2013-09-13,-0.48798
2013-09-20,-0.45163
2013-09-27,-0.41386
2013-10-04,-0.37620
2013-10-11,-0.34026
2013-10-18,-0.30716
2013-10-25,-0.27760
2013-11-01,-0.25204
2013-11-08,-0.23083
2013-11-15,-0.21334
2013-11-22,-0.19886
2013-11-29,-0.18678
2013-12-06,-0.17581
2013-12-13,-0.16519
2013-12-20,-0.15388
2013-12-27,-0.14238
2014-01-03,-0.12955
2014-01-10,-0.11641
2014-01-17,-0.10311
2014-01-24,-0.09092
2014-01-31,-0.08055
2014-02-07,-0.07320
2014-02-14,-0.06960
2014-02-21,-0.07054
2014-02-28,-0.07642
2014-03-07,-0.08683
2014-03-14,-0.10105
2014-03-21,-0.11814
2014-03-28,-0.13714
2014-04-04,-0.15604
2014-04-11,-0.17429
2014-04-18,-0.19083
2014-04-25,-0.20511
2014-05-02,-0.21618
2014-05-09,-0.22341
2014-05-16,-0.22596
2014-05-23,-0.22356
2014-05-30,-0.21562
2014-06-06,-0.20236
2014-06-13,-0.18404
2014-06-20,-0.16198
2014-06-27,-0.13798
2014-07-04,-0.11394
2014-07-11,-0.09260
2014-07-18,-0.07555
2014-07-25,-0.06445
2014-08-01,-0.05987
2014-08-08,-0.06165
2014-08-15,-0.06901
2014-08-22,-0.07986
2014-08-29,-0.09231
2014-09-05,-0.10390
2014-09-12,-0.11234
2014-09-19,-0.11561
2014-09-26,-0.11364
2014-10-03,-0.10581
2014-10-10,-0.09346
2014-10-17,-0.07787
2014-10-24,-0.06121
2014-10-31,-0.04496
2014-11-07,-0.03090
2014-11-14,-0.01955
2014-11-21,-0.01176
2014-11-28,-0.00836
2014-12-05,-0.00867
2014-12-12,-0.01275
2014-12-19,-0.01984
2014-12-26,-0.03044
2015-01-02,-0.04321
2015-01-09,-0.05797
2015-01-16,-0.07401
2015-01-23,-0.09019
2015-01-30,-0.10589
2015-02-06,-0.11986
2015-02-13,-0.13085
2015-02-20,-0.13832
2015-02-27,-0.14192
2015-03-06,-0.14147
2015-03-13,-0.13767
2015-03-20,-0.13087
2015-03-27,-0.12203
2015-04-03,-0.11162
2015-04-10,-0.10044
2015-04-17,-0.08953
2015-04-24,-0.07982
2015-05-01,-0.07227
2015-05-08,-0.06710
2015-05-15,-0.06495
2015-05-22,-0.06562
2015-05-29,-0.06873
2015-06-05,-0.07314
2015-06-12,-0.07791
2015-06-19,-0.08089
2015-06-26,-0.08130
2015-07-03,-0.07700
2015-07-10,-0.06664
2015-07-17,-0.04935
2015-07-24,-0.02497
2015-07-31,0.00621
2015-08-07,0.04282
2015-08-14,0.08212
2015-08-21,0.12188
2015-08-28,0.15926
2015-09-04,0.19124
2015-09-11,0.21637
2015-09-18,0.23374
2015-09-25,0.24236
2015-10-02,0.24329
2015-10-09,0.23711
2015-10-16,0.22528
2015-10-23,0.20953
2015-10-30,0.19111
2015-11-06,0.17198
2015-11-13,0.15349
2015-11-20,0.13746
2015-11-27,0.12464
2015-12-04,0.11712
2015-12-11,0.11539
2015-12-18,0.11934
2015-12-25,0.12838
2016-01-01,0.14178
2016-01-08,0.15863
2016-01-15,0.17726
2016-01-22,0.19639
2016-01-29,0.21475
2016-02-05,0.23152
2016-02-12,0.24617
2016-02-19,0.25804
2016-02-26,0.26668
2016-03-04,0.27190
2016-03-11,0.27332
2016-03-18,0.27041
2016-03-25,0.26331
2016-04-01,0.25215
2016-04-08,0.23751
2016-04-15,0.22041
2016-04-22,0.20318
2016-04-29,0.18741
2016-05-06,0.17527
2016-05-13,0.16835
2016-05-20,0.16764
2016-05-27,0.17332
2016-06-03,0.18486
2016-06-10,0.20047
2016-06-17,0.21795
2016-06-24,0.23511
2016-07-01,0.24948
2016-07-08,0.25938
2016-07-15,0.26372
2016-07-22,0.26218
2016-07-29,0.25432
2016-08-05,0.24133
2016-08-12,0.22385
2016-08-19,0.20306
2016-08-26,0.17955
2016-09-02,0.15419
2016-09-09,0.12675
2016-09-16,0.09680
2016-09-23,0.06321
2016-09-30,0.02400
2016-10-07,-0.02154
2016-10-14,-0.07467
2016-10-21,-0.13511
2016-10-28,-0.20244
2016-11-04,-0.27377
2016-11-11,-0.34721
2016-11-18,-0.41845
2016-11-25,-0.48385
2016-12-02,-0.54027
2016-12-09,-0.58547
2016-12-16,-0.61769
2016-12-23,-0.63707
2016-12-30,-0.64498
2017-01-06,-0.64234
2017-01-13,-0.63138
2017-01-20,-0.61378
2017-01-27,-0.59202
2017-02-03,-0.56715
2017-02-10,-0.54070
2017-02-17,-0.51316
2017-02-24,-0.48543
2017-03-03,-0.45733
2017-03-10,-0.42836
2017-03-17,-0.39890
2017-03-24,-0.36947
2017-03-31,-0.34056
2017-04-07,-0.31305
2017-04-14,-0.28814
2017-04-21,-0.26647
2017-04-28,-0.24905
2017-05-05,-0.23603
2017-05-12,-0.22724
2017-05-19,-0.22243
2017-05-26,-0.22118
2017-06-02,-0.22230
2017-06-09,-0.22523
2017-06-16,-0.22884
2017-06-23,-0.23172
2017-06-30,-0.23430
2017-07-07,-0.23507
2017-07-14,-0.23416
2017-07-21,-0.23180
2017-07-28,-0.22864
2017-08-04,-0.22525
2017-08-11,-0.22180
2017-08-18,-0.21955
2017-08-25,-0.21924
2017-09-01,-0.22154
2017-09-08,-0.22711
2017-09-15,-0.23650
2017-09-22,-0.24933
2017-09-29,-0.26540
2017-10-06,-0.28341
2017-10-13,-0.30272
2017-10-20,-0.32236
2017-10-27,-0.34133
2017-11-03,-0.35877
2017-11-10,-0.37376
2017-11-17,-0.38654
2017-11-24,-0.39658
2017-12-01,-0.40408
2017-12-08,-0.40924
2017-12-15,-0.41280
2017-12-22,-0.41545
2017-12-29,-0.41861
2018-01-05,-0.42288
2018-01-12,-0.42958
2018-01-19,-0.43899
2018-01-26,-0.45208
2018-02-02,-0.46822
2018-02-09,-0.48660
2018-02-16,-0.50717
2018-02-23,-0.52801
2018-03-02,-0.54760
2018-03-09,-0.56391
2018-03-16,-0.57507
2018-03-23,-0.57934
2018-03-30,-0.57503
2018-04-06,-0.56094
2018-04-13,-0.53633
2018-04-20,-0.50033
2018-04-27,-0.45306
2018-05-04,-0.39507
2018-05-11,-0.32861
2018-05-18,-0.25578
2018-05-25,-0.18017
2018-06-01,-0.10541
2018-06-08,-0.03553
2018-06-15,0.02703
2018-06-22,0.08052
2018-06-29,0.12302
2018-07-06,0.15606
2018-07-13,0.18084
2018-07-20,0.19976
2018-07-27,0.21506
2018-08-03,0.22957
2018-08-10,0.24465
2018-08-17,0.26145
2018-08-24,0.28011
2018-08-31,0.30006
2018-09-07,0.32040
2018-09-14,0.33973
2018-09-21,0.35725
2018-09-28,0.37121
2018-10-05,0.38249
2018-10-12,0.39140
2018-10-19,0.39901
2018-10-26,0.40638
2018-11-02,0.41460
2018-11-09,0.42401
2018-11-16,0.43497
2018-11-23,0.44622
2018-11-30,0.45575
2018-12-07,0.46186
2018-12-14,0.46170
2018-12-21,0.45346
2018-12-28,0.43631
2019-01-04,0.41056
2019-01-11,0.37865
2019-01-18,0.34229
2019-01-25,0.30444
2019-02-01,0.26740
2019-02-08,0.23298
2019-02-15,0.20186
2019-02-22,0.17441
2019-03-01,0.14984
2019-03-08,0.12766
2019-03-15,0.10649
2019-03-22,0.08591
2019-03-29,0.06564
2019-04-05,0.04638
2019-04-12,0.02887
2019-04-19,0.01417
2019-04-26,0.00309
2019-05-03,-0.00347
2019-05-10,-0.00490
2019-05-17,-0.00166
2019-05-24,0.00557
2019-05-31,0.01637
2019-06-07,0.02951
2019-06-14,0.04403
2019-06-21,0.05991
2019-06-28,0.07482
2019-07-05,0.09011
2019-07-12,0.10516
2019-07-19,0.12016
2019-07-26,0.13503
2019-08-02,0.15056
2019-08-09,0.16606
2019-08-16,0.18116
2019-08-23,0.19536
2019-08-30,0.20773
2019-09-06,0.21758
2019-09-13,0.22428
2019-09-20,0.22772
2019-09-27,0.22736
2019-10-04,0.22446
2019-10-11,0.21912
2019-10-18,0.21330
2019-10-25,0.20862
2019-11-01,0.20687
2019-11-08,0.20905
2019-11-15,0.21636
2019-11-22,0.22875
2019-11-29,0.24565
2019-12-06,0.26654
2019-12-13,0.28977
2019-12-20,0.31495
2019-12-27,0.34056
2020-01-03,0.36745
2020-01-10,0.39560
2020-01-17,0.42707
2020-01-24,0.46313
2020-01-31,0.50559
2020-02-07,0.55585
2020-02-14,0.61461
2020-02-21,0.68054
2020-02-28,0.75107
2020-03-06,0.82288
2020-03-13,0.89048
2020-03-20,0.95016
2020-03-27,0.99658
2020-04-03,1.02833
2020-04-10,1.04356
2020-04-17,1.04305
2020-04-24,1.02612
2020-05-01,0.99516
2020-05-08,0.95236
2020-05-15,0.90024
2020-05-22,0.84192
2020-05-29,0.78080
2020-06-05,0.72041
2020-06-12,0.66461
2020-06-19,0.61529
2020-06-26,0.57485
2020-07-03,0.54447
2020-07-10,0.52415
2020-07-17,0.51359
2020-07-24,0.51165
2020-07-31,0.51737
2020-08-07,0.52893
2020-08-14,0.54508
2020-08-21,0.56490
2020-08-28,0.58704
2020-09-04,0.61123
2020-09-11,0.63666
2020-09-18,0.66227
2020-09-25,0.68670
2020-10-02,0.70724
2020-10-09,0.72228
2020-10-16,0.72950
2020-10-23,0.72753
2020-10-30,0.71556
2020-11-06,0.69387
2020-11-13,0.66261
2020-11-20,0.62443
2020-11-27,0.58108
2020-12-04,0.53490
2020-12-11,0.48784
2020-12-18,0.44053
2020-12-25,0.39247
2021-01-01,0.34290
2021-01-08,0.29014
2021-01-15,0.23208
2021-01-22,0.16781
2021-01-29,0.09575
2021-02-05,0.01675
2021-02-12,-0.06724
2021-02-19,-0.15262
2021-02-26,-0.23509
2021-03-05,-0.31049
2021-03-12,-0.37463
2021-03-19,-0.42493
2021-03-26,-0.46097
2021-04-02,-0.48332
2021-04-09,-0.49402
2021-04-16,-0.49602
2021-04-23,-0.49211
2021-04-30,-0.48488
2021-05-07,-0.47497
2021-05-14,-0.46271
2021-05-21,-0.44666
2021-05-28,-0.42598
2021-06-04,-0.39953
2021-06-11,-0.36465
2021-06-18,-0.32291
2021-06-25,-0.27598
2021-07-02,-0.22522
2021-07-09,-0.17382
2021-07-16,-0.12555
2021-07-23,-0.08313
2021-07-30,-0.04951
2021-08-06,-0.02628
2021-08-13,-0.01468
2021-08-20,-0.01441
2021-08-27,-0.02575
2021-09-03,-0.04634
2021-09-10,-0.07449
2021-09-17,-0.10766
2021-09-24,-0.14268
2021-10-01,-0.17577
2021-10-08,-0.20409
2021-10-15,-0.22475
2021-10-22,-0.23604
2021-10-29,-0.23740
2021-11-05,-0.22965
2021-11-12,-0.21519
2021-11-19,-0.19651
2021-11-26,-0.17716
2021-12-03,-0.15951
2021-12-10,-0.14728
2021-12-17,-0.14196
2021-12-24,-0.14475
2021-12-31,-0.15549
2022-01-07,-0.17386
2022-01-14,-0.19723
2022-01-21,-0.22398
2022-01-28,-0.25184
2022-02-04,-0.27901
2022-02-11,-0.30312
2022-02-18,-0.32232
2022-02-25,-0.33597
2022-03-04,-0.34332
2022-03-11,-0.34402
2022-03-18,-0.33746
2022-03-25,-0.32312
2022-04-01,-0.30011
2022-04-08,-0.26847
2022-04-15,-0.22750
2022-04-22,-0.17780
2022-04-29,-0.11990
2022-05-06,-0.05462
2022-05-13,0.01634
2022-05-20,0.09055
2022-05-27,0.16571
2022-06-03,0.23932
2022-06-10,0.30839
2022-06-17,0.36996
2022-06-24,0.42110
2022-07-01,0.45984
2022-07-08,0.48549
2022-07-15,0.49803
2022-07-22,0.49907
2022-07-29,0.49098
2022-08-05,0.47674
2022-08-12,0.45942
2022-08-19,0.44229
2022-08-26,0.42656
2022-09-02,0.41387
2022-09-09,0.40406
2022-09-16,0.39585
2022-09-23,0.38929
2022-09-30,0.38234
2022-10-07,0.37379
2022-10-14,0.36352
2022-10-21,0.35167
2022-10-28,0.33830
2022-11-04,0.32440
2022-11-11,0.31100
2022-11-18,0.29824
2022-11-25,0.28575
2022-12-02,0.27347
2022-12-09,0.26028
2022-12-16,0.24566
2022-12-23,0.22970
2022-12-30,0.21211
2023-01-06,0.19418
2023-01-13,0.17723
2023-01-20,0.16187
